alias,nodeId,p2p,ping (tcp),ping (udp)
null,0x631344436595498805c8194c7c6e92e711e502f2,false,67ms,64ms
null,0xa272d86f5c0466783ecff3403786f42d18f3fc3b,false,10s,73ms
null,0x3b0f605fcb0690458064c10346af0c5f6b7202a5,false,10s,68ms
null,0x38af872142021660a9050e0ae5cc6257130fd5e1,false,91ms,87ms
null,0x5f4e552b3cbbd93b08df5a5ea06a234a276546e7,false,10s,46ms
null,0x09a3a029f4681d276551c47c3def23b6e7c83d2a,false,76ms,76ms
null,0x54a4c0d73321b636691083e07f75e1ee752d0227,false,92ms,92ms
null,0x4645eede40ed634bc038a0f561ca433350c61bbd,false,75ms,75ms
null,0xa179ec8ae148d9df1742917008d09a46270facb2,false,123ms,119ms
null,0xd785288bf6bf3c51dfb090e28c5ed1ec9ef8e628,false,10s,123ms
null,0xaef94a02dbbb375f19428ab12e65b5af411fb64b,false,121ms,122ms
null,0x05df0018ab01b8b554f119f04dbadfcd77a8a4f8,false,10s,10s
null,0x099c335b117a19fd4816536fc915f10bc79c6d18,false,95ms,95ms
null,0x8fcd223bffc7822039fc2bda537598449245fd71,false,10s,10s
null,0x8adf0cc54a61860a7907f1f4caddfbd072f9861b,false,10s,10s
null,0x36768241e7ac4b34bdef0b05f91200336073b696,false,66ms,65ms
null,0x2f24ab3a03cacb106653bebcf302a240f532e471,false,10s,10s
null,0x1061d33ce3564e511ed6cb1ea05af4f530473ee3,false,10s,10s
null,0x24280e2e18800d9920755a61910569fa237cd33b,false,121ms,119ms
null,0xd79f83f1108d1fcbe0cf57e13b452305eb38a325,false,10s,67ms
null,0x9d0fd580cb3def6090bbed7f20af45c5657394ff,false,84ms,82ms
null,0x5c5ad2578224e502d6e185e2c6afb3cbc88210e1,false,10s,255ms
null,0x7a4afaa76f107ca7b2be2fa5a98fabc534d120ef,false,10s,103ms
null,0x2fb13a1d7a224b69658cf4946957c507b6e5a83e,false,10s,103ms
null,0xb8abe71e735ae517efbc39a709d5a54293f6ba2c,false,69ms,69ms
null,0xb88cfa0aae542aadcea66024d1b1d90d390c992f,false,292ms,101ms
null,0x080efafac263131bfe1a3de81484a6a944bdb701,false,75ms,75ms
null,0x4bd46f8e1ed87dbfafae9293ef2aeff1fe2818a1,false,100ms,94ms
null,0xac8d393819c4149e6d92e848ba73b072f93ec70b,false,130ms,122ms
null,0x75220e506f7b939e471c9b433d8b34f3dd47b856,false,70ms,67ms
null,0x178f9b09c34540be713bf456fcb12bd0fc49f727,false,358ms,358ms
null,0x12095fc47688209021962424bc007e6a229c1ea7,false,54ms,54ms
null,0xea12d875324c2437e1c2453a131ab29dfcb00664,false,69ms,69ms
null,0xee629ccf1aff8cfcb9d07d5f073d6c3dd7c0cef9,false,10s,227ms
null,0xcba063e16259b8d7df197ca57b41d737d1c4812f,false,99ms,99ms
null,0xffcd363896770122cd587ef39d147a892690da9e,false,94ms,90ms
null,0xd4f1d5729566c3680c732e136093872b00447cce,false,10s,92ms
null,0xa124e0321ad9f6206e1895265b789d2792ce56f4,false,198ms,198ms
null,0xb2dcd2925aef3fbad821951ba40b6ab98067db2e,false,168ms,168ms
null,0x5424f1347d4a87195937a9faf0e6475f564701d9,false,68ms,68ms
null,0xc0e308c90170c8dadd74042cfebd2df0576dd684,false,10s,53ms
null,0x5006327078c2ef59d63ec172e0a2526fb28d0e24,false,152ms,152ms
null,0x30c9a913ebcfe77466ee30d5453906abc3c295b7,false,94ms,94ms
null,0x3eb3ff141207fe3472d38380255efa676c64d62a,false,344ms,344ms
null,0x51fb0db558d9c50cae94cbbeeec4a9e55898886f,true,10s,23ms
null,0x86432cc6a3e50c49aeeb426bb53094e088ef3c49,false,124ms,124ms
null,0x56db3fa329ed644ecea21fa61a242018008177a5,false,103ms,89ms
null,0x7348075e41e9eda1ba6614cf2c8dd8b398001aab,false,10s,159ms
null,0x645fcdc5fa0b137bcc1196e1e39d382d25281382,false,219ms,219ms
null,0x98730f729471410db10f4d4951fb9f7c35aaac70,false,10s,56ms
null,0xc786215ad49959abc46ea19d2f2e1ee1b333632e,false,122ms,122ms
null,0xe319d37bd480ed33f78cd9ad25b159c0dbe4d587,false,78ms,78ms
null,0x3b84aebac1bcaccfe9e5015aaae56bc0bd3f05b1,false,67ms,67ms
null,0xfdae643a257ec1e792d01ba164b52227dfc0a247,false,66ms,65ms
null,0xa1d94297ccee15b07887da10f6a2f9db2675e47f,false,67ms,67ms
null,0xe98a06708acc008064863ab93c42d5993043b54e,false,63ms,63ms
null,0x29e11190818bc4f5f9cf70632262441cb4e03491,false,76ms,76ms
null,0x2513cd91c4571ac4424b1f874878fdbfc4c20c87,false,362ms,361ms
null,0x4f752badfe8358181036746dbcda8a9ec7ce3ad8,false,10s,72ms
null,0xe36326caf29fdf138338f190f72785773fb9ddb7,false,97ms,96ms
null,0x734b501c67ba0530f7a7b014fc781864c294a57a,false,360ms,360ms
null,0xd63b01fb54470fba7795b3088133c4c23e0321c3,false,360ms,361ms
null,0x2c8db38ddbfa226d18c5d88852b78d5427d98196,false,69ms,69ms
null,0x143e637b673e7c3153facc078c306da7c6ebef1b,false,48ms,47ms
null,0x3a21c608925ddbc745afab6375d1f5e77283538e,false,10s,65ms
null,0xe210947d5b1662082aeb41ba0e31fd5d86c797b0,false,83ms,64ms
null,0x9f6e21379ea2df4bc5912c3d18931f303849b1f8,false,48ms,44ms
null,0x2aa2c46ab64649723be885e6a4ea6920b602268f,false,10s,54ms
null,0xe3eb413933183631452e289591aaf04f5dea7729,false,182ms,174ms
null,0xc6fbebac8f0f847f1182018bc94fec9046350b05,false,10s,96ms
null,0x23ab949f125559f10fc8defb539419032955b5e2,false,187ms,184ms
null,0x379c1f8c7f55929c7e5c491b08894159b8c96f15,true,22ms,21ms
null,0x1e94b855239c9d605e60ff868713954ef11a771b,false,352ms,346ms
null,0xf460871f1741dd2eebfa115c3ddd8a1aaa7fa914,true,117ms,108ms
null,0x1c872bd7254c8690caf97dd007c01005783f560b,false,74ms,69ms
null,0x213dd207d0f4748bee8a3894ca794958caa4270a,false,217ms,217ms
null,0x545e54712decbd0176b30d4cf5e11e5cd3aa911d,false,90ms,89ms
null,0xa3936bfe6c379c4b2aa359350726aa7a5eec0ec0,true,10s,69ms
null,0xdd06e1abc49db1229b4a323d6590ab5f2336c568,false,10s,329ms
null,0x1ccd42dc38f9043a09a066ee570c422dc88d0278,false,10s,285ms
null,0x652043f8404a9f6239014d3e15fd64371d53f1ef,false,369ms,369ms
null,0x4e86bef263647a066928acd80af3b78357fa0e53,false,10s,46ms
null,0xf7053ddf52432adcdf4eb1816e30215775eb04c7,false,171ms,159ms
null,0xf8155f6bed58af5e4093d38cf68066e3f47460e2,false,10s,152ms
null,0xf2557b65dd09ee7e0cc66e516f30d854b1912777,false,10s,10s
null,0x1592f16698073730e2f738e89d0cf6654b08ba8c,false,99ms,98ms
null,0x615f1190e10884f784418906b2f696b67aa88165,false,10s,46ms
null,0x71173f5eb7aeb421a2240d7e44d312e112adda86,false,100ms,100ms
null,0x95b13d736c77d116d0585f0bcf3b8f3c233c6ed3,false,10s,10s
null,0xabf228b042cf6cefac0953d1ce6b7d45f079de00,false,10s,10s
null,0xc04863f26dab1bb0d9ec35c793b01c6cc5e7a399,false,10s,126ms
null,0xcfd951a32a77e31e0c7ba85638c828a2ef4342cd,true,10s,23ms
null,0x3e80bbf91bead11bd6f4428985071ff7f96e996c,false,10s,63ms
null,0x9b72a2b41cd0aeaf295b80a74a8dbfe773aa73e0,false,70ms,61ms
null,0x2d3989cfba7f8faa12192721af131cb3df6a3606,false,66ms,65ms
null,0x181bbc404528fc44e883226d9653a27f5fc3fe5a,false,10s,66ms
null,0x1da15b7053ae2e73fbb09bd82694f562e6a734a7,false,10s,358ms
null,0x26386b1c1edb143b3f6274dd15ede9b47ec02e15,false,160ms,159ms
null,0x37792f405c68a2bcee144cc9b6b5f3efabd3984d,true,23ms,22ms
null,0x39c782e75b6c84d95b02a851bfdff8c021c5fb94,false,71ms,69ms
null,0x3f661d165ea2a6ed0082bb68a2a8452014c86176,false,82ms,78ms
null,0x4940a8e3680c755eba8f92ba214e7e180a029c8e,false,97ms,80ms
null,0x4b0dff7f5cc0c27270339e4746552f62dc97943e,false,10s,10s
null,0x541c928a0cba9664d1280af92f27397430692c99,false,206ms,201ms
null,0x53ebdfc8bb0a0604ce16652109e54f09b5a5dd60,false,89ms,73ms
null,0x5bcc89b863e7fa23768bcd48869c13d57e00bbfc,false,98ms,86ms
null,0x7f64711f0e301b7ba3e85d5a936d0a378cbdb657,false,253ms,249ms
null,0xb93de2954aef8827e2ed89a30eb4747a5d8e8bab,false,94ms,80ms
null,0xe2eaab5494809098e58435407b6a4faf2a7641e7,false,82ms,66ms
null,0xfbf3d22e9df301e22a9a1a39cd6910635ebb5d3f,false,299ms,98ms
null,0xe1391a3bcc561a7f7d56aa7a3fec63f4f27cc019,false,10s,84ms
null,0x2f45e7f2e915dc8aa3aa4e1afc6dcfb58f82d8b0,true,179ms,178ms
null,0x38316707ef93b7e3b451720f8fc6743d0bb5cbe7,false,75ms,75ms
null,0xe330e96e8fd73407eb9864d521f62bd66d3b8de1,false,72ms,71ms
null,0x0a907b66dab0bbcaa2e88a0aa64e698879cbd212,false,72ms,71ms
null,0xc9bb58f061705b2c47ca980ef140f81267892706,false,135ms,134ms
null,0xcf2c8968cf302557466c363dd9683de99a7a61f9,false,72ms,71ms
null,0x25801ab4181eebe233d0b795f95d135204abab79,false,90ms,88ms
null,0x8f3e710b47ce77d380f011ed331485b3e739f365,false,10s,352ms
null,0x591b5ab2de0d100951c27a86073946c3e91522b0,false,369ms,368ms
null,0xd72b5ce1dc6274e23ca97311c7feeb91a02d72ad,false,80ms,80ms
null,0x2d41d3f3aff5c834db6681c3782ddbdcb0c3ff1a,false,10s,67ms
null,0x5595546699e894cf077685a20f3ff214a217b950,false,115ms,105ms
null,0x43c7383abf784186e5bc94aa22408e7768148b98,true,193ms,191ms
null,0xa8c8558c13767a037577af34bdb5ee9edd4610a1,false,10s,82ms
null,0x1eb4d527fb34a1d480be849c1a8d1e8b33287db4,false,181ms,180ms
null,0x3f1f106429777565eb33c0e46b97162952fabb05,true,182ms,182ms
null,0x2cd04c4723f998c998041d6b00120fbd078678b4,false,10s,191ms
null,0x6136bde491962611c0ec1a9d1703e89e7de227c1,false,80ms,79ms
null,0x87e1b93fa52fd64758f9c3aa8c258ee7cf3ca1ca,false,227ms,225ms
null,0x7efd79bc940ea91776613f3ef52c85a9cb6ff916,false,87ms,84ms
null,0x96c72289067578c852957d20acb35c8d7c2a0003,false,61ms,60ms
null,0xbda981482cca2db5b8c2e50dfb3273055ab51399,false,73ms,73ms
null,0x9d1b9c222618d4617206d6e2524a82f5a543e315,false,137ms,136ms
null,0xc78e41fffbfb93b4e67920dde1409fe43c69ac6a,false,133ms,131ms
null,0x39e889c1f1861eadbb1f001398be2c7b7499aebe,false,10s,56ms
null,0x6fae611585a1e52e91a69773580ba912c25d2b98,false,139ms,120ms
null,0x191b0791ce7e4251b0a2f09771ccf2a4c27e0022,false,75ms,58ms
null,0xcf52fb6760950ae4235129d65b4fd5f9debe9253,false,76ms,58ms
null,0x5c821508bcfde2d084c2df6ac45e25f601f9504c,false,10s,44ms
null,0xa6dd5757ceda67a9d022ca1f376e241e4af3ea48,false,92ms,72ms
null,0xb023335e57c14653e66011f7276488bb7456c429,false,64ms,44ms
null,0x65104de45912026948793919c40a6df7a280b6ae,false,10s,45ms
null,0xf436a6ee8180527b3ebe63e63cf4751ee3dcd3f0,false,92ms,85ms
null,0xcce05574363b286c940e082b5bd0366e7000dac0,false,65ms,58ms
null,0xb72796c935d8a837c4e63372e4894eec5792209f,false,78ms,69ms
null,0x0f6a9c1c99a1372382a8d871c9e44b8b20834e09,false,10s,86ms
null,0xedd84da61f7348510d9557c2f5067b460ef6588c,false,143ms,136ms
null,0x3813532a7d5fdde68490b127a3651c4fcb0dce68,false,92ms,86ms
null,0xf1f564112587360ef3d3525659633315b1a7a4bb,false,123ms,113ms
null,0x293fd7fe03f77c12b704c877346d2db8690edd2e,false,10s,80ms
null,0x19e2656ee61964365f895142451e7c67b4a10ebb,true,63ms,57ms
null,0xdaf5bfbb47941bb92df00be0772bdebccbb3c5d1,false,79ms,66ms
null,0xd436e84aa0f07a5c2b2846f9a9c774f4b4b40a3a,false,83ms,71ms
null,0x9c64841632ab57b6b09cf0782144939da6de6541,true,63ms,50ms
null,0xebfa57b04dbdf8ce2b30a93d74b8cdaf4b6421e1,false,10s,370ms
null,0xa0f402ee087fd208c4ad83f103b36d7cafa71227,false,114ms,101ms
null,0x4860615e2a2bd1cdc318323f756eb0787347cd80,false,10s,135ms
null,0x777c529c64414f2c045b8c10f9722092d276a6b1,false,10s,67ms
null,0xfa78e3788873ce6aa7f4a27651cd9cc1b32df3ec,false,117ms,101ms
null,0x5e098420cdb425f28a98851431478dd914a30ca5,false,330ms,316ms
null,0x31c67e57dbfd29e29b8fbe051b6dfdb26f3416e2,false,10s,70ms
null,0xc047483f32c6bc1a638fd9dbb0bfa8a57f8fcf80,false,70ms,58ms
null,0x1919655a16434fb02b0aafc2c140beea197a98c3,false,118ms,104ms
null,0x9a64d0bb105c42e44d9209d0c9ad32e3396bb61d,false,10s,10s
null,0x0c59d5dba695c0fbf03a172b6a0bd49b4cc95e50,true,334ms,320ms
null,0xb20235f5d89f229031fc4c060d58526168451fa4,false,10s,83ms
null,0xb7c2d4f289cde1419c810c6120d205ce4998c69e,false,144ms,128ms
null,0xe4f5b11d1dfe7d8f6d68e5f576f744f02cd9b47e,false,121ms,109ms
null,0xfeb0f51f9757e30676cd8e4132dcb4324179bc7b,false,10s,307ms
null,0x0bd56a416463d467e4e79dcf72f81b4e9ffcb924,false,112ms,102ms
null,0x5e84b285a65e69244fc4de9ec5fec794356c1f62,true,333ms,319ms
null,0x7cd4cfe240f5e386cd9d9c561219aef2738f07e6,false,175ms,167ms
null,0x2cec1e3d2901b9ba25808ae448a43e8e12e64dc2,false,10s,78ms
null,0x5de16e143687381e0b971673453cf5b6ec787eb6,false,118ms,110ms
null,0x6153246dcc55b95d32c255b227426646bf4a337a,false,124ms,123ms
null,0x81dcac47ad1dd72d029fe7fec0033b0c00a845a2,false,165ms,159ms
null,0x8614e7b053d3265c2108371f3d64084a52502bfc,false,379ms,369ms
null,0x8645cb8840718c66a682053f437dba849db08088,false,10s,256ms
null,0x8bf8bc406125b235b947bbeefff7fa330656ba1e,false,192ms,184ms
null,0xab6fee48adacb3923dc50a8dc3cd0deddc0b2fa9,false,228ms,220ms
null,0xb8a33b32ccd8099018211fd8ce15ee8d2b4d5bfd,false,358ms,351ms
null,0xcd87f2f40a5ed9a4af5039f63c5f100c24b2ee7f,false,10s,10s
null,0x67a3d7e98c9c63b0940550524b10a0043aae5e50,true,333ms,323ms
null,0x2b322a19b876b7d8655499bb7ff51dabfb6aaa4c,false,238ms,231ms
null,0x2b70cb3aa1c0c6e7493fd277b7795e304cfe1e1c,false,69ms,61ms
null,0x216795542a5a344599e3a44c7ff895a55665edb0,false,10s,68ms
null,0x32aae81b52d834cd39fa1925c2b0640ca46cd5fb,true,306ms,304ms
null,0x3bd5fd01af0dd17c540a5fc3133c595d4ce0f54b,false,142ms,110ms
null,0x4d818690cf1617c0590875623b2f957fb10e2d06,false,10s,86ms
null,0x4df3755a3df208e3c4285024fbc476a686593fe6,false,10s,62ms
null,0xc549189ebc5fea88c76d7e78da57094033cf300c,false,75ms,68ms
null,0xce9d07bd2fe0426e753de9af8ca619f583457e12,false,123ms,121ms
null,0x70d99c1224aa3c37e5048ed3659e7bc7cd5c8b91,false,372ms,363ms
null,0x980d28334ae489f7c17370650fb5b9dde25fe8e2,false,65ms,58ms
null,0xa096bbf809bc024d1a294e6ac2648f3cbadfa7fd,false,103ms,97ms
null,0x22deb21932e97a1b6b6fe5b72d8cf8b1f925affb,false,114ms,107ms
null,0x4f6942974319f6adf3a68d48de102ca19675660e,false,10s,208ms
null,0x7e75acd769e0c8f75e1938f27a15f5e7e5f9d079,false,142ms,135ms
null,0x35338d61aa4e13914b50394b69590f3d8fe15929,false,10s,183ms
null,0x1d80932c8dd0101c86f61686b67f92301a697676,false,138ms,96ms
null,0x18a0d029598e720de221dd4b4917c28e09978fcf,false,10s,57ms
null,0x29e9ea451069de89676297fd2ca9cc381d4ff5f2,false,166ms,166ms
null,0xb0a0d851186e29e8bf2f2a7277ed43d9a3cf17fa,false,10s,154ms
null,0x18bc69f6c71f550d43d33cd94c14ebb6eb0a5e86,false,211ms,211ms
null,0xc770f90ef7e7f2d463ab2d298a8c2345424fe88b,false,158ms,158ms
null,0x130bab791b3455546f3260f2389b4641fa38308f,false,91ms,91ms
null,0xaa97fe014fc7b06947e94fe6253a4d9e80593d5c,true,23ms,23ms
null,0x589d4d314625ab495dd4fc2ababa4ff94cc5ff82,false,491ms,192ms
null,0x64bbb7180445eda03db32131c28386995b3b5ccd,false,62ms,63ms
null,0x82cf3d0472d270fab96e7a061f343b79fee4e480,false,10s,44ms
null,0x58ce7c7b7d2c700ee8938775db2f4cb0d2b85fc6,false,10s,154ms
null,0xb58979d60830a557f9e4c6d5627983ef0e5d77e2,true,63ms,63ms
null,0x7bddea797b62519d38e4c98446abd158c135ef92,false,129ms,126ms
null,0xc7da719252ce5e12fcca5c0ea8f46ccf2f50570d,false,106ms,105ms
null,0xd6b377d22cd765a6d6d3ab3fcb4b18dfcba19b63,false,162ms,161ms
null,0xa8f39521a55d64e0f9b63db64ad81e4ce414fc0b,false,96ms,86ms
null,0x3c605984250d752adf34a072f2354b2ce23af7fa,false,62ms,62ms
null,0x7ab07e30a377a8f74225445b7e913e366d38b584,false,66ms,62ms
null,0xe4307f490ce44955b8589f9492f2819bef8bef8b,false,372ms,365ms
null,0x964cffd7f02044e66d60f00c95adc122a7545309,false,149ms,149ms
null,0xd4818ff61fba8f7170e9cb19e1442067f57f7ba8,false,100ms,100ms
null,0xedb84bf623193e80b5d021347c88c75614847464,false,74ms,74ms
null,0xa2bf9c018638e6de9c89a38287ae59185235127f,false,70ms,70ms
null,0xb8e29e760b892ab2ad203a444de0b0b1f2e1ab53,false,71ms,71ms
null,0xbab613e0c396a117342b5b0a1ce5789ee5225bda,false,10s,105ms
null,0x367b3c780bb9944db5eae0d393fad8fb124a9f30,false,72ms,70ms
null,0x49a29b7bd58f745c8af46bb7293a73a5be868423,false,106ms,90ms
null,0x63646e28c778c228ee2373489088e099d2ca74c8,false,62ms,62ms
null,0x4e8dc3dae18dffbfaae075dc2685e2c9af35e3d8,false,10s,10s
null,0xdae172bb0c8fe072fc526b1c8a55188f7ec8f165,false,106ms,102ms
null,0x0dd2f8799502864cf452abab014dd299c28808e0,false,10s,278ms
null,0xea1a3215703ce69c09ba0d997dbd149a3856f31d,true,44ms,42ms
null,0x20528c985f30fcb5ea57e0775eff0b47ed949411,false,80ms,70ms
null,0x5a909d6d130e399a1a5c42ccf98703a5f1c6ce23,false,101ms,97ms
null,0x14a0e4286de5229fbac424893cb8ac831da1bd2d,false,105ms,95ms
null,0x186fd6e1a5ab0b9924d6b42be54fb87313dc6deb,false,62ms,45ms
null,0x5ae25a3b1a68a9473d7123d3089c36395a7cd244,false,79ms,70ms
null,0x601c7d2dd373df07f13b7d59305a5276db6d51f2,false,105ms,95ms
null,0x6eed698db85525ff6b11787be781de77cbd970b6,false,10s,70ms
null,0x6f59e5d12a53bb6a3873b1fcd6279dd2436feffc,false,88ms,64ms
null,0x7ba0208dd40d191694fa217bb4c46d7a284c6a96,false,105ms,95ms
null,0x7cfe03cd09b5eba84ea52f17d9baa2c0e3990fac,true,120ms,108ms
null,0x8d6088509e0de9f37917de1356f9deeab2ebfc72,false,105ms,92ms
null,0x8f05781661b27c09f38c19e7ff4491a6bfedd347,false,77ms,71ms
null,0x90affa7a68edd189297809ee07ff7e2670db9b98,false,10s,435ms
null,0xa177ab577e9ac89121cd8770b516b696b5ee0410,false,82ms,72ms
null,0xa1ae3c7a013cd3d6299c00c095f0fc4a57ba6221,false,369ms,356ms
null,0xad35a7d5d3d5fd5228713b9db26851ad727d03ff,false,172ms,161ms
null,0xb523af9417d5e41a017d15da9179af820a515279,false,10s,66ms
null,0xbd2a87068e56487f4abb897208cb524d0706bde9,false,10s,61ms
null,0x491a70e4193aa0821806003140ee208fc7375a1f,false,76ms,70ms
null,0x11b84f5a13ddcf4e7f8abb1adcf91540732aea11,false,77ms,70ms
null,0xc4bc7aa95302f14bc61424959961aad82034962d,false,104ms,89ms
null,0x164eea3f17ae631b77ff6d72aa1530724c09804d,false,10s,69ms
null,0x6395bad08d436e8d968e76e771dc291097210091,false,10s,10s
null,0xa816624d0c4e19576909d65a93671d906c2c3b30,true,138ms,126ms
null,0x5afaaff39a2116974444cbcb7e67e9f2cdf8545c,false,184ms,171ms
null,0x9953489e4397f2ec5d040bf4ce80c40ff0f55e87,false,281ms,95ms
null,0xfdf7dc57b596d7da1e3f4294cffe080ffbda530c,false,74ms,63ms
null,0xac7b8d47107933fb3108b606f5299b742bdc2d6d,true,176ms,168ms
null,0xfe38aaf4c8ac21620e35f0f233add086caf00b0a,false,10s,63ms
null,0xb8ac6b2cabf544e6776d26258ac37fcbe5cc8b01,false,123ms,119ms
null,0xec0c2e129d6d897755fed3bf607b33388eb0b148,false,10s,61ms
null,0xf1e0baaae6688070ce28b2fdde5a8b3d5684f6e7,false,10s,78ms
null,0xc8bde55e96fd229dc244cbe2a008ef0498ee9e0c,false,10s,77ms
null,0xd5b741d7933630750581229f3a8c614dfe9221b8,false,10s,73ms
null,0xc8eb678ba29480dbf6d3cb58398e592024a29a7e,false,10s,77ms
null,0xb8274964dc9e13af32e881640388ae2d44d23b33,false,101ms,91ms
null,0xb23c46bcbfb18eb34af47a402962a86444fab5c2,false,61ms,61ms
null,0xc3d5172397292ee74135fea2b4d05449b4d6422d,false,10s,104ms
null,0x8dbc03b942426b4a763ca9d131478f3006284009,false,10s,104ms
null,0x5f11ee7f7b806bcc629442b6f086bd6a54d8a357,false,81ms,71ms
null,0x0114c52a6d156dd1d417d1921ba17cb93f1417f7,false,104ms,104ms
null,0x4f32cfa8739706c820f63271059faef20471e68a,false,360ms,352ms
null,0xd1ddd368cf7edf3ba6ba77471905e323f64748e1,false,76ms,69ms
null,0xa9834db6709d08daabe62b1bc0b58d7923d13b17,false,10s,103ms
null,0xed2cf242e26969f97f3c7f6ca76b81a8924aeccd,false,69ms,64ms
null,0x40acb684d607b677a365487c0658c80710699cf0,false,60ms,60ms
null,0x1b1d1b53c5ac01ae6fb44867aace3877522b7125,false,80ms,76ms
null,0x29c44289f6e36eeb377898ee6633aa9adb81793c,true,38ms,38ms
null,0x7d4db5d9979acc0559125d176836bbdb72805015,false,70ms,64ms
null,0x63b0099b48dfac1166d3ceb9b9f91d42813b9ed2,false,94ms,87ms
null,0x0fdf61168037f35941c7cc53113a78416a0fa5d4,false,104ms,95ms
null,0x031d9f959202e67243dfdaa0aa9fbfaef80d369f,false,107ms,103ms
null,0x084328410c7f65e6a974104657f4a58550d26c01,false,149ms,118ms
null,0x0c1f17564b01cbd02e9fd08217c3d930fd50a153,false,10s,10s
null,0x3600518a5ef33e5993c80606fc3080eaf6f4db6d,false,368ms,359ms
null,0x3a8b2d7d1a8994a60e928f963fb5daedcecca509,false,170ms,170ms
null,0x46a4737c4bc53ad17b654536b5b111cc12bf039e,false,79ms,73ms
null,0x678dccb16bb2818116b38186ff37fe4186d37437,false,98ms,96ms
null,0x69140ec08dda06c1131343faa6084a86ddd32215,false,120ms,109ms
null,0x653d07e76fb316886ea2789c2159c7c1138e723a,false,10s,43ms
null,0x69198c52b82b210c69374d8a5f5073bbab40dadf,false,10s,68ms
null,0x7f16aedea2d3acc9dd90930d424a23acd6b7784b,false,10s,53ms
null,0x8dc18c6a8a0e358444380a359462063ecb221a9e,false,70ms,66ms
null,0xb1a07e579cf632f5f11149ce08a2d9d078462624,false,10s,203ms
null,0xbe6d76e6bfd8bc0800b628db3cb236609ac1bd0b,false,166ms,162ms
null,0xbeae8cd590c28f14e1947e757f753a534b8b423b,false,71ms,71ms
null,0xc408e38e1f0c8f133943e53f7db6380d156eb76a,false,217ms,214ms
null,0xc0d1deb2d28135c34d2ee59b080ea04038e9d101,false,103ms,92ms
null,0xc5f9ad38ac751d1fd168fa62b57f091004618c3e,false,115ms,94ms
null,0xd3ac9ceb78ff375020f2fdf21ce753f25e465f53,false,10s,94ms
null,0xcfc6660840fbd02d412abd69f724381d352bdd8a,false,10s,49ms
null,0xe93384b1a42231e7e6ac841a25f969253b181cb0,false,77ms,68ms
null,0xdb2488e09700259ff2513fc3ea2bb64f03c5ce20,false,103ms,91ms
null,0xf6def06a40b5d2adf3e42141448786f0c2e07f37,false,10s,77ms
null,0xfc88946eac7433315a82a0d83cef54493aa69948,false,10s,78ms
null,0x1e48d0c032ca52e4ee99723c287daf702cd25bc8,false,218ms,208ms
null,0xc4de9f345f6b1d212a9ee3e046d50c2b2cc38d71,false,116ms,103ms
null,0x9120da80fe686b89810119504e3392755e5bcf94,false,381ms,369ms
null,0xa890633a7f960adf7da744dd22d53483dea02f00,false,96ms,96ms
null,0x8eb2cde4ff3989dc06ffb6142ec47335266156a3,false,10s,56ms
null,0x2ee75733f85f365dd305183e2e1eb811011d80d5,false,304ms,105ms
null,0x156eed9c75f7d41880d673b24fd03f0f4f8cb09e,false,115ms,100ms
null,0x2d80477731fd64867af3513e2c2bd15abcc176fa,true,10s,333ms
null,0xb5a562cb72c69cebb53db9b6301ca29b093aad49,false,75ms,59ms
null,0x190d6a40ceafdffd40b9956a215153ec7898afd3,false,257ms,242ms
null,0xf1221f5ff8c2ed7d7cfe665a6bde17b89f53ac41,false,115ms,93ms
null,0x68f8817318b06bafe3329a7a47d95673fcbb70ba,false,10s,357ms
null,0x8bfcef05fa642d8aa8917f9fa572c567daef7d4b,false,112ms,96ms
null,0x207cdcbedff3245a3f959da4bb9a6ff322d91cae,false,10s,65ms
null,0x5922a4e6dca9eb3782777380fcd291b40b1903cd,false,85ms,83ms
null,0x29154389fba54b321ebba377fae10d2e49f363f1,false,10s,74ms
null,0x03b791a20befcfdc73be94f44513dcb0fc6ae99b,false,283ms,94ms
null,0x00296e6ac9cffe2bfca741972e9a852275b5ce29,false,98ms,97ms
null,0x1371e45b1037460b17892635e2870cfe84c4545f,false,10s,77ms
null,0x140c9fcdf8ce0a50a083cfd33148cdaaddfa4d84,false,94ms,94ms
null,0x1a8cf49c58ee07894f52a0bc54d5d124ee5698ee,false,75ms,71ms
null,0x201d14a944db1d397f4937c86dcab1c82bc1dbc4,false,120ms,94ms
null,0x22d7a1b7df051e9bdd1c6ca978e89ef368705e08,true,134ms,133ms
null,0x2b233e5130bcaef9b995a9b334c087493d9ba091,false,94ms,94ms
null,0x2c3a9ecf6bb730133b063398b3b6cf441dbf9b73,false,54ms,54ms
null,0x40fbaa4b6ba028a32c329d38ba4da6f1e173310c,false,108ms,108ms
null,0x4131529e20f88ca70161234de47947544f704c53,true,10s,105ms
null,0x4988925689aee2ab3a49717a686afa81ed888d1f,false,10s,78ms
null,0x590a7ff861cf33b39efa4ce30d790e8db2831937,false,177ms,177ms
null,0x5d676c34b1c2e5cfac409a49899556c167845ed7,false,10s,362ms
null,0x6400d65ce8ab151efc1a0ea620a8dead4d0ec460,false,10s,62ms
null,0x68567562446b319611434a6559efd54e757f7700,false,94ms,97ms
null,0x6d3bf1ff367a7cf907c028c231223d503dd1aa80,true,89ms,89ms
null,0x6d6e5e04e589256852c9df2e4bab7a3dcaf18e82,false,104ms,108ms
null,0x7ad8ce2f95f69be197d136e308303d2395e68379,false,10s,77ms
null,0x7d529a5b0b58400d09154b47d94ee022ba7658cc,false,10s,54ms
null,0x7e1331b0dd0fd198e9d73f3839988f0f358449be,false,170ms,163ms
null,0x87b5380a518b9d26cd4bc68d3cd03b87be760392,false,10s,71ms
null,0x80b685701c888221b44100c3fcb7652eeb6c5a5e,false,10s,64ms
null,0x88589cc42dcfec73db0fd216d237ce51fa46f06a,false,86ms,81ms
null,0x96800f09f94cab04f2ee6a9e05261c55c6f815ff,false,10s,329ms
null,0x9976e348533b1b9d211b5fed0ece5ad940c0b6b3,false,10s,10s
null,0xaa569056580e2f5e1e5ec6a16ac186a5aa56d6df,false,81ms,76ms
null,0xa3ea7a9683b5b2835e841ed4d079e44941a2c705,false,111ms,111ms
null,0xaa448ba67741c3981c6a66e8baba56663c37c5e1,false,45ms,45ms
null,0xb03cabfbcbaa609d08066fcb7bbd297a2251db2f,false,46ms,44ms
null,0xb3a20a860f85f309dd306df43ded19e1730a6008,false,10s,86ms
null,0xaec9cc614f058d41d98e240e6eb9291db8c062aa,false,103ms,102ms
null,0xc38d86447e4b22b4a0c70be32928669dbfa136d6,false,10s,72ms
null,0xc79bf447d4e3c547689eaa7d9f22d32b4f6ac875,false,289ms,97ms
null,0xc8adc7f385987b0776abeb9a96137ab961b433d8,true,112ms,112ms
null,0xc9665478160b793517c677e4990be63abafdb917,false,219ms,218ms
null,0xdb3a6afe28a979fea8e774d916dc9e030ccf5431,false,53ms,53ms
null,0xea91509eeb583f4d32b61f698ac8aee7aca5cae0,false,58ms,58ms
null,0xed450c42345e173dd8398d53547aef6df77a2f31,false,10s,122ms
null,0xeeae462501e792db50730780684ce729351c0fa7,true,10s,39ms
null,0xf7cedcfcb6eb7bf0b31cc73baee0326767f7200e,false,10s,358ms
null,0xfa07e9e6b1b484654300668b04bc83a67362d992,false,79ms,79ms
null,0xfabb57f2ce0634030e792c5f4af8f2a760427325,false,79ms,75ms
null,0xfde61609a0aee8d5755c9dd81b1a3e54b47f42f8,false,10s,40ms
null,0x45fcab2da6351f73d5eb44b2c7e345b9fa07f517,true,153ms,153ms
null,0x1a62d8f662648dc9f7d475b5b53462cf0dcbbdec,false,77ms,77ms
null,0x7f0dd8a8f8bbaa226c0e3cc49eedb03bd75e65f7,false,169ms,169ms
null,0xbfd82b38c46078b0259c4597ea396a5b948da72c,false,10s,68ms
null,0x22cba98ed433cd7d746269020e8edc4825c431c1,false,349ms,349ms
null,0xe8f542225b0144a9ca1e1258f8df140c1f57717e,false,302ms,301ms
null,0xe4c71cf29430a30136729991ff555f8cd5b85bdc,false,94ms,99ms
null,0x66832a7db92bc1dba480463c55481e80567fa2c0,false,91ms,91ms
null,0xc82921d63291ef88d754857b9721ef526e5c97c7,false,893ms,324ms
null,0xeb737c09ef5f2be9eae7b6f283961d23f9abdd42,false,178ms,172ms
null,0x78f8ea1cf23007ff3b80fa077492bc87abb84bbf,false,10s,72ms
null,0x23fd2fecc35a0c4a45ced6ce3b692b03f76c274b,false,173ms,173ms
null,0x92918993db6905fa4fe6fa79732ad9991fe921c4,false,352ms,351ms
null,0x702d6288c5cfec2b303f15059db5248362c54b75,false,54ms,53ms
null,0xf949cb8fe2cd7bec56e80bc8f069d9bbb2c9d5c0,false,10s,66ms
null,0x4de18f2d4ddcd38c91a6bce1f822824b2400a38f,false,10s,49ms
null,0x91363f1e7472a90847327b6a10336403272bda26,false,110ms,110ms
null,0xdf995bc4d4ea197eefdfae6f28d6e51d83c1f249,false,10s,63ms
null,0x7cb3f0e0ca0b12a1c6546b742300dce6b3668685,false,130ms,129ms
null,0x4d70d84b4bb57d6205bd7445d7c3a130da6ac747,true,10s,529ms
null,0x4e42ff5ec190e4626f3733b3bf5625b473b1538d,false,84ms,84ms
null,0x4147c4c7e37abed78084ce32e74c20d9f5a573b7,false,357ms,354ms
null,0x5343f099121049235586476466bdcacda6f03d2c,false,360ms,360ms
null,0x6b132801d0638ea80b4eb726368fe97024a24a69,false,299ms,100ms
null,0x08c62ea21731d31199030e3ab7f0d1ab2428b8bf,false,100ms,100ms
null,0x16b2b962ba8a8cdeb7849323de29f6a0162c90a1,false,232ms,231ms
null,0x4875d50d4306ff2bc9e2f9c438fe5ed67d891468,false,54ms,50ms
null,0x7b5c08bed24ee3b1cdaff6e70c0a43ceca93ad2e,false,54ms,54ms
null,0xba668351c1f03b59cb010ebe168f014f61f9e601,false,10s,72ms
null,0x76334d71344742853e9341c51bb8dbb07c6fc469,false,10s,10s
null,0x53e78dc36744626e50f79f38e096f5a2a9ab345b,false,10s,10s
null,0xff11c77c76a15a2349d776bbfc6266c51e1cadef,false,10s,10s
null,0xe9aea72a52c44e9474730fd9cd725cbc42d03f33,false,10s,10s
null,0xc42ff5c58db129494630766b63a666e60fcba210,false,152ms,118ms
null,0x3d34d91eb4ab14b9f4fd8ac8985f82cc9eb28a92,false,77ms,43ms
null,0x9d7baad61ceb8833fb4b38017d3ee9e0d55423a8,false,79ms,43ms
null,0xe1ba9248dd9f6631fa09ee65b53a669774d8fdb1,false,224ms,187ms
null,0x28cc45976503781625a21b564b476ba8df930d64,false,82ms,47ms
null,0x6a24eb4fcabb141150b619e0bcdcd11df34db32a,false,201ms,166ms
null,0x3e0a2855d92b90265888d90b0db4163c0c1f0474,false,152ms,117ms
null,0xa11ebe43287adb26e2d78bb5e7ca05146cb2f366,false,124ms,110ms
null,0x1cc9eb62304235c76cc44ed526750c29fe2db70a,false,299ms,108ms
null,0x2120a537f4dcabb56d0a58ce7a1d887f86d6ed5e,false,175ms,175ms
null,0x94b2d35ed2991d0e65b76a3d16337c399aad1752,false,10s,97ms
null,0x688fe4cb0c4be3fb7c968129a08d79de62bf9a34,false,209ms,183ms
null,0xdf9fc13dcc6c6318fbfb38c0c900940e07b23a63,false,10s,10s
null,0x1c5e862810eac7a65350cb0538a8eb8b30f560d8,false,151ms,135ms
null,0x06c03165aaa676680b9d02c1f3ee846c3806fec7,false,98ms,85ms
null,0x3d3cfcdf22a9f9da318113a61a4c7db897c0dd6b,false,90ms,76ms
null,0xe4ceb5c17ce7f974a62354eaf5ee56f973034bbd,false,10s,64ms
null,0xdfa6e59cde46431eb8f9919e1a537403d8999501,false,100ms,87ms
null,0xb69f32f6d97a8e19eb2af357b43914b721d5b583,false,10s,66ms
null,0xede79cda97e38d4e3d8cc03fa857d37cc944483c,false,122ms,106ms
null,0xfb482fa4800d42308d253b7a7d279b50fdc6692b,false,394ms,394ms
null,0x9cdebd911c4f2bb0444353488c3a5dc4824da42a,false,384ms,378ms
null,0x196879ae00f4d7a4b942784b4b489ff527085ecd,false,124ms,111ms
null,0x8f1c06b5e797c73418d1efcc0ed07c592a8f87e6,false,122ms,110ms
null,0x7d9dc9276cec3e1b751013c31001e131c4e9c9d0,false,10s,84ms
null,0xcacfa51b586d4b4a024c2e205106fda2f1255bbf,false,87ms,74ms
null,0x1ed05d70d777166e37dbcc04b21a569032c7d2c2,false,10s,138ms
null,0xdd8bbb6a0734d452be3225dabb42f23aaae7b9eb,false,228ms,227ms
null,0x828cb05f42b0ffdee7309e8b68a3950e36c74634,false,129ms,128ms
null,0xa9c65a8e975d5b2590c9bbb3a872530679d925ac,false,103ms,102ms
null,0xe02df68349af1e9fad0b252265c5bf10405374d9,false,385ms,384ms
null,0x6e12c2ba59dba2025ca999c036360197bc47516b,false,10s,95ms
null,0x7d52038a65b852ebf3fbd546db55929b562c9db0,false,10s,286ms
null,0xd0b53638e248ba6316d6db0aad5b5c79a14e89ca,false,10s,293ms
null,0x7d898511b971e4f18028053f226e2c24ef706847,false,100ms,98ms
null,0x2f058c248943d6c3f5bb383a22198d28785db3b0,true,10s,78ms
null,0xfedad4a002d53a61b3049f164ec2e9a8f788485b,false,10s,83ms
null,0x9f3aac3d57fb722a5632d3ccd3303c281f699876,false,102ms,100ms
null,0xf60906b3b53769b8ad277318e583eb749b38d1af,false,10s,100ms
null,0xceadb522daf47d71e7243530519e5d90e187ac08,false,106ms,104ms
null,0x0e2299feec5ede069a1a461158598cf833938624,false,10s,97ms
null,0xffc0502bd9853d342d117a2a54b227f784defc96,false,240ms,240ms
null,0xa22a404c59dbfd23117e5210e2fc959a42f251c2,true,351ms,351ms
null,0x820d5dd60ceb60e23d8dd79e900958822e3f1f08,false,393ms,391ms
null,0x93a33078aede1ce728225acfa0203b457fae5644,false,120ms,120ms
null,0xdbc05872f8e9a2ef36d22daa4ed824862e7c92af,false,138ms,137ms
null,0x5dc9cb9a71344e2e740d1505cdec8df2ff641da0,false,10s,10s
null,0x6338a061206ee007c03e2865646826dc473eeb5c,false,152ms,152ms
null,0xd290823761d08c7e6f2cb58989e3fe4973423c32,false,111ms,115ms
null,0x072344a9603539524025a080cacc7078123c6dba,false,129ms,128ms
null,0xf009b903e8b2da22354d6696a169bd828ad45d49,false,119ms,119ms
null,0x7580bda537b7dc680cf8436b920c0ef8fa682302,false,121ms,121ms
null,0xdc45ab0952759ef1be9153eafb347080ffb43a60,false,94ms,88ms
null,0x74dbfed00526963b7876b625b3aad41a64e21d88,false,10s,289ms
null,0x2fad82d26092d625c0837da738777f6444628b72,false,387ms,377ms
null,0x30f8e2f99b2eed8be0c71a85f9a7bf37f59faaaa,false,128ms,128ms
null,0x5de1ea6db35bc4897dea8060ce7eb786b95247a6,false,386ms,386ms
null,0xb8a9df29c23c557d53d5469d166e5b084292fc77,false,115ms,114ms
null,0x47e25a4f6da6fc7037ef5ddf21284f32f395a3ba,false,124ms,113ms
null,0x6a4c8827bafad38f79ea84308f1ef0f5e6ccd893,false,114ms,114ms
null,0xaffa62a3097bd4d08fcd9a51759a74519233852f,false,97ms,87ms
null,0x515ef63e964eb28a9280a143058054b39359311d,false,10s,376ms
null,0x695e5b1d8c1c8ed08363cc970c7e061e4689f73b,false,10s,10s
null,0xc5ea19783b09f931c27f988c10b4a2ea95d7f56c,false,95ms,95ms
null,0x653bc8451669fb5762780a0cf664671a591a5132,false,10s,279ms
null,0x40f401ead13eabe677324bf50605c68caabb22c7,false,10s,73ms
null,0x4e8af2c19d4e7734f3410c04246d497074894534,false,163ms,167ms
null,0x791e98fe1604773949d93cdf4ccd1fd3c2eec4a6,false,10s,336ms
null,0x8499751232383cc45f542473e47b42ae9d3c14d9,false,75ms,77ms
null,0xcb13367ac3ae91afe801696cf42e38b1b59ed1ff,false,67ms,68ms
null,0xb644c6af52567bca7fd2fe6638489553f4d09552,false,78ms,81ms
null,0x3a8c4e8b0e877882394a1acaf816c2184e0a619e,false,61ms,55ms
null,0xba7cbce8496693b4b3626bd87e32633d6ecfda73,false,10s,49ms
null,0x6104396456bbfe41b50c9e4b2f9a5bc088c85a8a,false,370ms,370ms
null,0x58d7929ec3cb9a0d89d218814e887b2a34fe6b3b,false,102ms,93ms
null,0x7d56283932d591286201c9df47280a5d16502d8d,false,10s,10s
null,0x65f41db08028a1b42ebaec36ec59f31be414309d,false,102ms,102ms
null,0x6deb3fac3c51737b6d6ab9b26ba6e73ef31f2d1e,false,98ms,98ms
