id,ip,port,seen
0x009dabda5f45e6df5cb37093af1bcb63dc2ab19b,92.85.13.12,11531,968.884393ms
0x0510c7a6a79090b78d7f7dfa57075898f8a1a205,141.95.102.130,11500,10.968897804s
0x08600e47055fdb0fdc047db8de08c53f3ed805c1,65.21.228.160,11500,5.968902701s
0x00076ae3a113dd535a4caf12cfea873fe3186108,145.239.28.141,11500,968.890898ms
0x0d2e6c96b8722b0d630025fad23b73462285b9cb,92.85.13.12,57057,1.968889738s
0x0e2299feec5ede069a1a461158598cf833938624,51.75.62.57,11500,968.894546ms
0x0bd56a416463d467e4e79dcf72f81b4e9ffcb924,139.162.163.191,34155,968.901867ms
0x08066a52c22c9cb57fd1a8226eb4755f5f78e3d8,144.76.38.184,11500,4.968900905s
0x044bb5b98618e0ae947841efd8679140ad5e5652,141.95.34.226,49512,126.968903699s
0x0dd2f8799502864cf452abab014dd299c28808e0,14.230.184.19,49368,968.909871ms
0x09a3a029f4681d276551c47c3def23b6e7c83d2a,93.34.229.22,34967,968.910886ms
0x010d030c7976b0b4c645f9aa2b3be4a5c21a1198,3.79.247.28,39218,968.907826ms
0x06aabf3a7101c3b47106dbee2b81206c145217f9,146.59.95.209,6986,3.968888431s
0x080efafac263131bfe1a3de81484a6a944bdb701,145.239.31.144,11500,2.968911873s
0x0d30e3749718331683542d2e521f6a2d15ba27dc,92.85.13.12,11545,968.898848ms
0x0bdc7bb49d0b43b0636d8d3aab90f1ea77142ffa,82.78.191.26,11620,2.968900042s
0x0b8fe776068b9b9ffdde6d7fb4037e855e6725be,82.78.191.26,11627,968.905867ms
0x04f105b02f7a151f60865631450f0caacf91d0c6,95.216.34.223,11500,4.968908769s
0x0a907b66dab0bbcaa2e88a0aa64e698879cbd212,135.125.244.185,11500,2.968892084s
0x0b00aa073a4e53311fb4933cb210dc27eabd150a,195.90.107.207,5031,968.906866ms
0x071803f3e8dd646e15b02cced971a6e183ff2de1,51.79.25.157,11500,4.968912795s
0x06c03165aaa676680b9d02c1f3ee846c3806fec7,5.226.70.4,27887,1.968914003s
0x0dc5a07a3577a9f2a103d9fc1761a585650e79f9,92.85.13.12,11560,968.914987ms
0x0f17c255ec21a7fb7ed7f01e4a8bfc1021333f80,51.83.236.130,11500,968.915881ms
0x0f6a9c1c99a1372382a8d871c9e44b8b20834e09,109.230.59.3,11500,968.896622ms
0x0c1f17564b01cbd02e9fd08217c3d930fd50a153,79.117.51.223,11500,968.893059ms
0x04d2fb2473b996df18f194ab6b2e17c3d5a15631,82.78.191.26,11629,968.904805ms
0x1eb4d527fb34a1d480be849c1a8d1e8b33287db4,69.247.142.161,1045,1.045479298s
0x1c872bd7254c8690caf97dd007c01005783f560b,86.1.191.54,6442,1.045499272s
0x1b1d1b53c5ac01ae6fb44867aace3877522b7125,5.226.70.11,19188,3.045511195s
0x1e48d0c032ca52e4ee99723c287daf702cd25bc8,157.100.106.147,4600,45.494451ms
0x130bab791b3455546f3260f2389b4641fa38308f,88.156.216.255,22270,45.480181ms
0x13793bd8f6ba55a78fd97cef9bea397c3f062c69,162.19.70.44,11500,3.045489061s
0x117505ef912a295598218706f7e161310c7eee45,195.90.107.207,29662,45.509395ms
0x164eea3f17ae631b77ff6d72aa1530724c09804d,5.226.70.4,40252,1.045472903s
0x140c9fcdf8ce0a50a083cfd33148cdaaddfa4d84,88.156.216.255,5778,45.478367ms
0x11b84f5a13ddcf4e7f8abb1adcf91540732aea11,86.1.191.54,6435,1.045486228s
0x181bbc404528fc44e883226d9653a27f5fc3fe5a,5.226.70.4,19106,1.045492371s
0x18bc69f6c71f550d43d33cd94c14ebb6eb0a5e86,165.232.164.117,11500,5.045506051s
0x1276406ab9995a45b2a522bcbda094ea35b8bec1,86.127.242.81,11500,45.482527ms
0x16b2b962ba8a8cdeb7849323de29f6a0162c90a1,121.121.107.170,11500,1.045487779s
0x1465aeba10df7266db9d9ca8ab26268e107f11b6,92.85.13.12,11563,2.04548448s
0x191b0791ce7e4251b0a2f09771ccf2a4c27e0022,135.125.13.96,11500,2.04550717s
0x1d58ad05add2509b46c30a099d70db138bfe7163,195.90.107.207,52318,2.045504359s
0x1b6d818572822deeb2d070b7cb91c501e78b7bf7,135.125.12.45,11500,3.045493452s
0x10e6e373dc78b84922c40470acbf4f2f510c1c63,5.226.70.10,59223,1.045497053s
0x1c5e862810eac7a65350cb0538a8eb8b30f560d8,72.76.165.91,1033,2.045495418s
0x1ed05d70d777166e37dbcc04b21a569032c7d2c2,51.79.100.138,11500,2.045501034s
0x1af624b5e8bd096948f4d2db2ab3aa2483b8c77a,82.78.191.26,11513,4.045490065s
0x188401c110b4aba7b6e3ad4959a0a822cfbf102e,133.165.218.41,1034,4.045481405s
0x1a62d8f662648dc9f7d475b5b53462cf0dcbbdec,5.226.70.11,55668,1.045505062s
0x142e1c83bfe758adb1fd73f09c83935c85180c66,212.250.153.231,61068,45.476483ms
0x18a0d029598e720de221dd4b4917c28e09978fcf,193.3.189.18,32781,45.498141ms
0x13303d756bf650d082a69f84774ab92e086973dd,138.201.22.68,11500,1.045508222s
0x1c78d70fd673cfb863be808a5087fe6c2bfd3ed6,92.85.13.12,57096,1.045510322s
0x1648acff4435cee6b1cf50c438204530561368a4,51.83.225.60,40206,45.486921ms
0x1c1c0b14e321c258f7057e29533cba0081df8bb8,187.72.192.33,11500,45.496242ms
0x186fd6e1a5ab0b9924d6b42be54fb87313dc6deb,54.37.3.148,11500,1.045477611s
0x1ccd42dc38f9043a09a066ee570c422dc88d0278,14.230.184.19,12808,1.045491369s
0x1371e45b1037460b17892635e2870cfe84c4545f,31.191.177.64,11500,1.045500291s
0x1a8cf49c58ee07894f52a0bc54d5d124ee5698ee,5.226.70.11,16650,2.045502878s
0x10bb28e306d1583c29a8047108c210917bfcef49,133.165.218.41,1037,3.045485484s
0x1707a986bbbbbb165e0436d8dffdeeb9c8b66f03,51.83.225.60,40207,1.045483713s
0x12095fc47688209021962424bc007e6a229c1ea7,141.94.19.73,11500,1.045501967s
0x143e637b673e7c3153facc078c306da7c6ebef1b,141.94.19.7,11500,7.045488349s
0x24280e2e18800d9920755a61910569fa237cd33b,51.79.103.253,11500,1.079304108s
0x29154389fba54b321ebba377fae10d2e49f363f1,141.95.100.106,11500,1.079312403s
0x2c3a9ecf6bb730133b063398b3b6cf441dbf9b73,86.81.28.174,1025,1.079328044s
0x2458800c343b78a929f8a745a0549c0ff6ddc1d0,195.90.107.207,20514,4.079322501s
0x29e9ea451069de89676297fd2ca9cc381d4ff5f2,69.247.142.161,1043,1.079313072s
0x293fd7fe03f77c12b704c877346d2db8690edd2e,80.58.61.86,22419,2.079335481s
0x2b70cb3aa1c0c6e7493fd277b7795e304cfe1e1c,141.94.172.104,11500,1.07933638s
0x2c8db38ddbfa226d18c5d88852b78d5427d98196,92.110.243.132,1037,3.079313895s
0x23a0a8fcdee3e7d04877da67b035ce0089774854,87.206.159.22,22775,3.079315523s
0x25801ab4181eebe233d0b795f95d135204abab79,87.206.159.22,46263,1.079333213s
0x269310c211c1d7796e0638918b4f7ff91ae4fe65,141.95.34.226,8195,131.079310207s
0x24f14985a0ec1af276b75b6a5c9ac12cafea3b78,82.78.191.26,11505,1.079319135s
0x2d41d3f3aff5c834db6681c3782ddbdcb0c3ff1a,86.81.28.174,11602,1.079320017s
0x2445e78ed7f953fbef8313df8e1188f86102c097,51.83.236.130,46395,1.079323159s
0x28c7f1538ca632d069125af10f9a39c78f5b8531,92.85.13.12,11551,2.079324781s
0x2ae5885e8650926d53f34452504db37a81f14f2e,141.95.34.226,28886,128.079310909s
0x2cec1e3d2901b9ba25808ae448a43e8e12e64dc2,94.130.201.30,11500,1.079328951s
0x2b322a19b876b7d8655499bb7ff51dabfb6aaa4c,197.234.189.107,11500,5.079325477s
0x2fad82d26092d625c0837da738777f6444628b72,118.211.190.97,11505,1.07932974s
0x29c44289f6e36eeb377898ee6633aa9adb81793c,51.75.145.80,40106,2.079332123s
0x280e6ac6cc61cdabf654571a07f2924c9ffa17fa,111.121.123.214,13636,3.079327211s
0x28cc45976503781625a21b564b476ba8df930d64,141.95.174.82,11500,1.079309278s
0x2314c300edb26e8eaf5fb662fb0fc5937b72b5a2,201.48.205.42,11500,1.079334467s
0x26386b1c1edb143b3f6274dd15ede9b47ec02e15,99.145.200.7,11500,1.079306043s
0x216795542a5a344599e3a44c7ff895a55665edb0,86.81.28.174,11601,79.307898ms
0x2c03e7dcf15dec1486d6ce05dd38ff9dd1ee9a72,82.66.219.1,11500,7.079316637s
0x2f058c248943d6c3f5bb383a22198d28785db3b0,84.234.98.80,11500,79.338322ms
0x2c683bc0c7662fdae6320ec1e68a35167ecfda7c,5.226.70.11,5554,79.326364ms
0x213dd207d0f4748bee8a3894ca794958caa4270a,197.234.189.107,5115,3.079300042s
0x2d80477731fd64867af3513e2c2bd15abcc176fa,162.254.27.196,11500,11.07932089s
0x29e11190818bc4f5f9cf70632262441cb4e03491,51.83.224.239,11500,2.079318289s
0x2f45e7f2e915dc8aa3aa4e1afc6dcfb58f82d8b0,139.59.19.124,11500,8.079323964s
0x2aa2c46ab64649723be885e6a4ea6920b602268f,141.95.105.177,11500,79.330599ms
0x2cd04c4723f998c998041d6b00120fbd078678b4,157.131.163.52,11500,1.079339556s
0x2082afa0d40610371d6f4e465d8cc70a67fa7903,82.78.191.26,11504,1.079305122s
0x2f84f5c001e7987a91f4318ee0e5792c2c34f122,94.105.105.69,11500,1.07930695s
0x2d3989cfba7f8faa12192721af131cb3df6a3606,86.1.191.54,6440,1.079321619s
0x207cdcbedff3245a3f959da4bb9a6ff322d91cae,5.39.71.60,40109,3.079314678s
0x295320a9b69c4e39c46fa571fee848f2933a2cef,92.85.13.12,43654,1.079311649s
0x23fd2fecc35a0c4a45ced6ce3b692b03f76c274b,69.247.142.161,1029,1.079331447s
0x22d7a1b7df051e9bdd1c6ca978e89ef368705e08,71.75.1.253,11500,1.07933728s
0x20528c985f30fcb5ea57e0775eff0b47ed949411,5.226.70.11,28203,1.079317558s
0x3b0f605fcb0690458064c10346af0c5f6b7202a5,5.226.70.4,19777,1.113114774s
0x314ca40eb3ce9bda63de28a31f8a4b72bc53a2aa,146.59.116.129,11500,1.113115866s
0x3020896f402719f61a014c85e52891b459576b87,51.83.236.130,23004,2.113085201s
0x3e0a2855d92b90265888d90b0db4163c0c1f0474,72.76.165.91,11500,1.113108282s
0x39e889c1f1861eadbb1f001398be2c7b7499aebe,135.125.246.54,11500,1.113122143s
0x30b9670d56a29c5b35a9b9e2365eb7ff2c8ce0a3,92.85.13.12,20726,1.11312341s
0x37efed8297d91666bc66dd4c1a1ca523562bbf3d,178.67.111.101,45745,473.113095514s
0x367b3c780bb9944db5eae0d393fad8fb124a9f30,86.1.191.54,6443,6.113087152s
0x35338d61aa4e13914b50394b69590f3d8fe15929,69.247.142.161,1034,1.113093872s
0x39c782e75b6c84d95b02a851bfdff8c021c5fb94,80.203.26.223,64623,1.113104063s
0x3f1f106429777565eb33c0e46b97162952fabb05,159.65.143.211,11500,3.113106413s
0x3a8c4e8b0e877882394a1acaf816c2184e0a619e,141.95.100.45,11500,3.113124303s
0x3abb90fe477ccb1e3c3eacb98a2c40009a7ab354,193.106.167.178,11500,1.113081552s
0x31c67e57dbfd29e29b8fbe051b6dfdb26f3416e2,135.125.12.70,11500,2.11311999s
0x365dbafc180eeba18cde68e21411f2f03b0e7251,92.85.13.12,48232,3.113077023s
0x3e80bbf91bead11bd6f4428985071ff7f96e996c,149.50.183.163,63888,1.113112504s
0x38316707ef93b7e3b451720f8fc6743d0bb5cbe7,135.125.15.157,11500,1.113109535s
0x36be090a0e42753ec7fb753e26ee9362eafc8bd3,92.85.13.12,11532,1.113103223s
0x36768241e7ac4b34bdef0b05f91200336073b696,185.107.56.61,10329,1.113116913s
0x3fbbea1e363b9bf018b14fc7dddc8cc94729032c,133.165.218.41,11500,1.11311821s
0x3b075306b76da09fdfba5439fc11bf78cb340000,82.66.219.1,11503,6.113105479s
0x3209bd12ad8025e094ca999ad7568bd1110ee139,195.90.107.207,5702,14.113098959s
0x379c1f8c7f55929c7e5c491b08894159b8c96f15,141.11.110.35,11500,2.113091611s
0x3f661d165ea2a6ed0082bb68a2a8452014c86176,87.206.159.22,47721,1.113100798s
0x3bd5fd01af0dd17c540a5fc3133c595d4ce0f54b,176.184.13.199,56168,1.113121152s
0x3813532a7d5fdde68490b127a3651c4fcb0dce68,87.206.159.22,34970,2.113107292s
0x3b84aebac1bcaccfe9e5015aaae56bc0bd3f05b1,5.226.70.11,10427,1.113089601s
0x3c605984250d752adf34a072f2354b2ce23af7fa,86.81.28.174,1024,1.113097763s
0x3d34d91eb4ab14b9f4fd8ac8985f82cc9eb28a92,54.37.4.106,11500,2.113111645s
0x3a8b2d7d1a8994a60e928f963fb5daedcecca509,69.247.142.161,1044,1.113110657s
0x3efcca0dc7754f1bdfbd93ae705eaec18201a173,94.130.201.163,11500,6.113096616s
0x3e21a5622a277beb719e393db5b7f1c219a724fc,82.78.191.26,11625,113.093015ms
0x37792f405c68a2bcee144cc9b6b5f3efabd3984d,5.39.71.60,40103,4.113082898s
0x30162c5a67f0058f8335ef1eed584d7fc1209723,51.83.236.130,50325,3.113090724s
0x3a21c608925ddbc745afab6375d1f5e77283538e,5.226.70.4,45828,113.083905ms
0x30f8e2f99b2eed8be0c71a85f9a7bf37f59faaaa,46.146.217.16,11500,1.113086272s
0x32aae81b52d834cd39fa1925c2b0640ca46cd5fb,80.58.61.91,11500,1.113101881s
0x3d3cfcdf22a9f9da318113a61a4c7db897c0dd6b,51.91.144.41,11500,1.113119148s
0x354e1507ceb3b9d4ca0e1e323bbbf9cf5863ee3a,82.78.191.26,11503,1.113113573s
0x40f401ead13eabe677324bf50605c68caabb22c7,5.226.70.4,61907,1.152531568s
0x4de18f2d4ddcd38c91a6bce1f822824b2400a38f,198.244.154.212,11500,152.526485ms
0x4333385d039859befbf5d19192ab2aaabf6c985e,51.83.236.130,3408,1.152533982s
0x4d70d84b4bb57d6205bd7445d7c3a130da6ac747,91.235.116.242,11500,4.152541299s
0x433e466011f76b264f6f222e8895739bd5bd22f1,86.1.191.54,6438,1.152535301s
0x4f752badfe8358181036746dbcda8a9ec7ce3ad8,145.239.28.23,11500,1.152524005s
0x4988925689aee2ab3a49717a686afa81ed888d1f,213.65.57.90,11500,13.1525247s
0x4f6942974319f6adf3a68d48de102ca19675660e,96.78.52.233,13341,1.152540345s
0x4df3755a3df208e3c4285024fbc476a686593fe6,141.94.19.148,11500,1.152536921s
0x407724b939d6a7d05e9994f0625da801448841bc,51.83.236.130,25578,2.152520979s
0x4875d50d4306ff2bc9e2f9c438fe5ed67d891468,86.81.28.174,11500,1.152533163s
0x4e86bef263647a066928acd80af3b78357fa0e53,54.37.3.11,11500,3.152527451s
0x45fcab2da6351f73d5eb44b2c7e345b9fa07f517,96.36.130.108,11500,152.519669ms
0x45f86c7ce6761daf9006e6b0f81ff54800eef9b4,174.102.203.229,11500,1.152534585s
0x4fc39cd82421a997d481801a23de6453b83f5793,5.226.70.11,54278,1.152551352s
0x4860615e2a2bd1cdc318323f756eb0787347cd80,45.58.90.67,11500,1.152529723s
0x4d2b1bbd7715b31bac0b50c356eaf8d1dac3ee72,145.239.31.18,11500,4.15252281s
0x4767eb370b52c1aa761cc7f38b9f5181433df11f,92.85.13.12,9262,1.15252897s
0x49503464f828a28ddfe6ff1f63c6fe8bddb0cb24,92.85.13.12,11542,1.152530695s
0x4a74cbb0b48261e72fb13c714408f965f56b6252,5.226.70.4,17521,1.152537861s
0x4010353a90c3f2838961ae18d84b08efde973e40,92.85.13.12,11534,2.152543018s
0x4b0abfa066c8f1acb46bb9cf68211c5c2c7620df,82.78.191.26,11514,1.152532417s
0x4940a8e3680c755eba8f92ba214e7e180a029c8e,87.206.159.22,22258,1.152538569s
0x40e09edde4e82a0637719f96c1e217d41e9e898c,5.226.70.10,46461,152.518659ms
0x491a70e4193aa0821806003140ee208fc7375a1f,86.1.191.54,6448,4.152549473s
0x475eeda7470786e11df6e62c52cee4d5bb3d378d,78.23.189.81,28383,2.152536174s
0x447c8c4a2e9e825e1165bd0fcd129bdab1eaebe6,92.85.13.12,11564,1.152545791s
0x4321552531b91f7c58b5e7d24ff083c92f8465e0,68.53.113.31,11500,1.152521877s
0x4d818690cf1617c0590875623b2f957fb10e2d06,51.68.146.119,11500,2.152548624s
0x4fbc35d05543d6777853df86be67c22c026082ed,51.83.236.130,13233,5.152547415s
0x46a4737c4bc53ad17b654536b5b111cc12bf039e,5.226.70.11,4798,1.152542182s
0x4ea0b15a643c64c4621590a298e7f09e5e7aa271,31.182.203.95,33929,1.152546646s
0x43b59619bf7c7581fe30be4f4233b87a3bdeb908,118.211.190.97,11500,1.152555341s
0x45edbfbfc11ad486771cebdc3b02d837f4ae70ed,52.160.101.208,39941,436.152525349s
0x46b10a05c376b17a8370ff7298c0584c0b8bd600,88.156.216.255,62854,152.550474ms
0x4e42ff5ec190e4626f3733b3bf5625b473b1538d,51.68.144.74,11500,2.152539354s
0x4bd46f8e1ed87dbfafae9293ef2aeff1fe2818a1,139.162.163.191,11500,2.15254388s
0x40acb684d607b677a365487c0658c80710699cf0,141.95.152.96,11500,1.152516841s
0x4e337ab35e1e5bccfb2b101a0183732717bf2ddf,162.222.200.42,11500,237.152528281s
0x4c9139abed291cd8e6169e96953390bef1cfd5b3,141.95.34.226,58182,131.152512406s
0x42558b3c3bb4726d678920247ede7f7d911f4f76,92.85.13.12,57039,3.152553156s
0x459dc71540253d1db2425515c4468a4cb008afa5,51.83.236.130,3906,2.152544788s
0x4e8af2c19d4e7734f3410c04246d497074894534,71.47.232.198,11500,152.554013ms
0x4645eede40ed634bc038a0f561ca433350c61bbd,86.1.191.54,6439,152.552314ms
0x499fc68526783b032c7aaba693024d8a43b0ffc2,92.85.13.12,11540,2.152517818s
0x51fb0db558d9c50cae94cbbeeec4a9e55898886f,5.39.71.60,40106,2.189919978s
0x590a7ff861cf33b39efa4ce30d790e8db2831937,69.247.142.161,1051,189.932872ms
0x53ebdfc8bb0a0604ce16652109e54f09b5a5dd60,5.226.70.11,59337,2.189934178s
0x5bd826f931850fd7e389745687cd34c7203ae096,54.37.153.50,11500,64.189922334s
0x5f4e552b3cbbd93b08df5a5ea06a234a276546e7,54.37.3.58,11500,2.18992153s
0x589d4d314625ab495dd4fc2ababa4ff94cc5ff82,69.28.85.126,11500,189.924819ms
0x54c55278f2a3f5fcdb0af7eee3ebf2bfb89ce74a,92.85.13.12,31528,189.929137ms
0x5afaaff39a2116974444cbcb7e67e9f2cdf8545c,69.247.142.161,1032,4.189911799s
0x5396390b7e8cf1968ed7a2b778012bb3e90f7c24,5.226.70.4,1873,2.18990196s
0x551a1a176057d81b745d86b8e371f033d2c7b485,51.83.236.130,29373,189.907872ms
0x5f11ee7f7b806bcc629442b6f086bd6a54d8a357,86.1.191.54,6432,189.92393ms
0x5006327078c2ef59d63ec172e0a2526fb28d0e24,47.185.214.54,11500,3.189926776s
0x5e098420cdb425f28a98851431478dd914a30ca5,153.231.201.147,11500,5.189913316s
0x5424f1347d4a87195937a9faf0e6475f564701d9,92.110.243.132,1034,2.189915747s
0x58ce7c7b7d2c700ee8938775db2f4cb0d2b85fc6,69.247.142.161,1050,189.925403ms
0x541c928a0cba9664d1280af92f27397430692c99,128.199.73.69,11500,189.910875ms
0x5922a4e6dca9eb3782777380fcd291b40b1903cd,86.1.191.54,6444,189.917169ms
0x5c821508bcfde2d084c2df6ac45e25f601f9504c,54.37.1.55,11500,189.914872ms
0x52b99419866c9c102e2e0e6bdda7205b9394a2ca,54.36.174.74,6498,20.18993155s
0x56db3fa329ed644ecea21fa61a242018008177a5,151.36.218.58,64223,5.189927522s
0x5e84b285a65e69244fc4de9ec5fec794356c1f62,118.211.190.97,11511,189.930745ms
0x561ccb8f33cb623b36b349f3a010c6a2d5cfb795,54.36.174.74,11500,4.189908836s
0x5928deebc73d3e72e26fc6ec9e941d97c8f52546,51.83.236.130,23000,2.189923088s
0x577a24def79fc043f76373a5ff5cfb61e2360e2b,45.44.139.7,11500,1.189909705s
0x5e82a498c95132424939274ecc7a03889a7b5c03,195.90.107.207,65528,1.189918402s
0x5a8fc1709f3710050326b0d1c27ba3836fd931f8,141.95.100.202,11500,3.18990686s
0x5f65a9a997c510218799857434e4e761ce460749,92.85.13.12,11541,1.189920821s
0x5807a536ba7dae4ad22415bed539842ae7240bf0,5.226.70.4,48196,189.926073ms
0x5a909d6d130e399a1a5c42ccf98703a5f1c6ce23,181.214.218.66,1668,1.189928348s
0x5595546699e894cf077685a20f3ff214a217b950,139.162.163.191,54095,2.189905495s
0x5ae25a3b1a68a9473d7123d3089c36395a7cd244,5.226.70.4,13198,2.189929966s
0x5e3687964699752bc460c1ef1ac5de9fb3fcdaee,5.226.70.11,3855,2.189919226s
0x59bf3f0eed5a32cf3f3a8f107e084769c2aa7a35,82.78.191.26,11632,189.916469ms
0x533e976ee6130eaa6d0338677335b46c2c098f96,5.226.70.4,41904,1.189912553s
0x5bcc89b863e7fa23768bcd48869c13d57e00bbfc,87.206.159.22,25789,2.189914064s
0x5222e0bfb03dde5fd2ccd6a5609a37a4a6cfd3f6,133.165.218.41,1042,1.189917791s
0x518c1a92a0280ca4799b27038233c6f741eb4ad2,51.83.236.130,23001,1.189932282s
0x677c5476f3b0e1f03d5c3abd2e2e2231e36fddde,5.226.70.4,47132,151.223967796s
0x6eed698db85525ff6b11787be781de77cbd970b6,5.226.70.4,11882,3.223949432s
0x615f1190e10884f784418906b2f696b67aa88165,159.242.117.10,11500,1.223942214s
0x6136bde491962611c0ec1a9d1703e89e7de227c1,85.2.65.27,11500,1.223986153s
0x66832a7db92bc1dba480463c55481e80567fa2c0,88.156.216.255,39740,223.963053ms
0x631344436595498805c8194c7c6e92e711e502f2,51.91.148.183,11500,3.223984226s
0x6a24eb4fcabb141150b619e0bcdcd11df34db32a,162.239.25.121,11500,223.958093ms
0x61b325726d633a2f4c3987cb556dd68b2d6fe0b7,188.165.194.37,11500,65.223968624s
0x6af758a725c31a92596151a0228fefa0be191d53,195.90.107.207,36430,1.22397334s
0x6aff5f83daaa72864afd920255204da569941f30,195.90.107.207,11500,3.223955296s
0x66559081ca17b64a99c2dd88aac5c529084305ed,51.91.211.196,11500,1.223952189s
0x6e58aedc4f7fa262241909af4b7dad74458e3b88,92.85.13.12,11568,223.94749ms
0x64bbb7180445eda03db32131c28386995b3b5ccd,135.125.15.230,11500,1.223956018s
0x6338a061206ee007c03e2865646826dc473eeb5c,78.153.6.130,50492,1.223965437s
0x645fcdc5fa0b137bcc1196e1e39d382d25281382,197.234.189.107,5308,223.959683ms
0x63646e28c778c228ee2373489088e099d2ca74c8,86.81.28.174,11603,4.223953773s
0x653bc8451669fb5762780a0cf664671a591a5132,14.230.184.19,11500,2.223970084s
0x65d60aab2d891eb22f132b796aa099063f12506d,92.85.13.12,11552,2.223983455s
0x635081aaf935ec141306ec7e09d332aa4d7bd790,162.222.200.116,11500,4.223952829s
0x69198c52b82b210c69374d8a5f5073bbab40dadf,5.226.70.4,40954,223.954687ms
0x643e64b23afd2b597565ac3007270ba5941a37c4,92.85.13.12,11359,1.223974194s
0x6e12c2ba59dba2025ca999c036360197bc47516b,5.226.70.4,10694,2.223956866s
0x67a3d7e98c9c63b0940550524b10a0043aae5e50,118.211.190.97,11501,1.223966144s
0x6d3bf1ff367a7cf907c028c231223d503dd1aa80,69.10.45.46,11500,1.223964526s
0x678dccb16bb2818116b38186ff37fe4186d37437,151.36.218.58,64032,1.223971775s
0x688fe4cb0c4be3fb7c968129a08d79de62bf9a34,69.247.142.161,1025,223.970974ms
0x63652e18e0270d3d8488940d44262b75c33780fd,92.85.13.12,11575,3.223969267s
0x6400d65ce8ab151efc1a0ea620a8dead4d0ec460,146.59.242.18,11500,1.223960939s
0x6fdc42d27b090448344006167cc187e3382cb18a,50.232.39.158,11500,223.972665ms
0x62a19bb097f6d193b35c1ff6b1e1a5d75f7000d4,65.21.84.148,11500,1.223966877s
0x6dc24d3bc5299ad8323873d50e509fa0df88ccb5,195.90.107.207,15694,2.223951222s
0x653d07e76fb316886ea2789c2159c7c1138e723a,54.37.0.207,11500,1.223946444s
0x65104de45912026948793919c40a6df7a280b6ae,198.244.154.99,11500,1.223961982s
0x691a7692dc0f64b6de45af94db715e474b271b19,82.78.191.26,11508,223.948467ms
0x63b0099b48dfac1166d3ceb9b9f91d42813b9ed2,41.248.126.199,11500,1.223975106s
0x6689d7650344d80f2541516650153370f099964d,145.239.29.199,52062,1.223950316s
0x6fae611585a1e52e91a69773580ba912c25d2b98,15.235.46.14,11500,1.223959033s
0x71f3198256ab7f89da5afccfb00b21f4ab6e6fbf,136.53.45.66,4868,1.270809949s
0x7bfdc9407aa154edb5c51466404ad071ed693298,173.214.143.130,1024,1.270795083s
0x7deb11c279e139c332fff6e5e2e2f316afc6c2c1,199.188.247.222,40291,147.270814979s
0x791e98fe1604773949d93cdf4ccd1fd3c2eec4a6,114.32.21.129,50523,270.792455ms
0x7d9dc9276cec3e1b751013c31001e131c4e9c9d0,5.226.70.4,43814,2.270798335s
0x7efd79bc940ea91776613f3ef52c85a9cb6ff916,193.34.212.234,11500,6.270813563s
0x7b5c08bed24ee3b1cdaff6e70c0a43ceca93ad2e,86.81.28.174,1026,270.810512ms
0x7e8588c9ff18840f69a5d98ee38ab4b9f6114bcd,92.85.13.12,11554,270.809032ms
0x7348075e41e9eda1ba6614cf2c8dd8b398001aab,69.247.142.161,1048,270.799836ms
0x7d529a5b0b58400d09154b47d94ee022ba7658cc,5.39.71.60,40112,7.270816258s
0x7bccfefd17bf30850d73d3a7499f03f319572bd6,86.81.28.174,1027,270.811906ms
0x78f8ea1cf23007ff3b80fa077492bc87abb84bbf,82.47.128.65,11500,270.799178ms
0x75dc8643ae38e0f5c703dceaccd9cdfd883d5a20,136.53.45.66,4867,1.270817032s
0x7a4afaa76f107ca7b2be2fa5a98fabc534d120ef,95.161.143.229,11500,1.270819783s
0x749b13a6ac7d79ac4d381a8a46643c8ca90e61ff,95.216.40.185,11500,4.270801136s
0x702d6288c5cfec2b303f15059db5248362c54b75,86.81.28.174,1027,270.800593ms
0x7c0b0ae2eef7115ea065333ad69c5fe9310693c9,146.59.95.209,11500,1.270820632s
0x777c529c64414f2c045b8c10f9722092d276a6b1,141.95.103.62,11500,270.802757ms
0x7ad8ce2f95f69be197d136e308303d2395e68379,5.226.70.4,10031,270.793505ms
0x72981fb6797821df678490133d1d7b2dbbf351bb,51.83.236.130,23005,4.270807517s
0x7cb3f0e0ca0b12a1c6546b742300dce6b3668685,15.235.46.155,11500,2.270814284s
0x7f64711f0e301b7ba3e85d5a936d0a378cbdb657,101.128.102.13,57819,1.270796182s
0x7d4db5d9979acc0559125d176836bbdb72805015,141.95.101.49,11500,2.270797784s
0x7ab07e30a377a8f74225445b7e913e366d38b584,51.91.211.97,11500,1.270806681s
0x7f16aedea2d3acc9dd90930d424a23acd6b7784b,141.95.174.111,11500,1.270818835s
0x7be5a4f0f24dd70bdd6ddfd116694092805e9bab,51.83.249.7,11500,270.815602ms
0x75220e506f7b939e471c9b433d8b34f3dd47b856,5.226.70.11,45705,1.27081123s
0x7f0dd8a8f8bbaa226c0e3cc49eedb03bd75e65f7,71.229.50.0,58874,3.270796943s
0x779d63506b0086c9f51ffc426c58a923d1e5a088,92.85.13.12,11547,270.802001ms
0x74dbfed00526963b7876b625b3aad41a64e21d88,99.189.65.153,11500,1.270818066s
0x7d52038a65b852ebf3fbd546db55929b562c9db0,57.128.160.113,11500,2.270812503s
0x7cd4cfe240f5e386cd9d9c561219aef2738f07e6,47.198.254.150,11500,2.270794308s
0x7e75acd769e0c8f75e1938f27a15f5e7e5f9d079,15.235.49.17,11500,3.270805734s
0x70a418ba72f0a87a9eff727eb42826ddaed0e967,82.78.191.26,11631,270.808235ms
0x779d6b0b006b892098b5500c766daa5dd9c3c142,141.95.34.226,37823,127.270788482s
0x7e1331b0dd0fd198e9d73f3839988f0f358449be,69.247.142.161,1030,1.270803501s
0x7d898511b971e4f18028053f226e2c24ef706847,193.34.212.227,11500,1.270804144s
0x79eae034bbdf8ec79f16ca3fdd05930c49f6334c,92.85.13.12,11501,3.270804991s
0x81dcac47ad1dd72d029fe7fec0033b0c00a845a2,207.253.172.182,11500,1.31543101s
0x8e82f876049c1400ace63d2bfaa8a6a4127cac40,92.85.13.12,57127,1.315441658s
0x80b685701c888221b44100c3fcb7652eeb6c5a5e,85.7.220.56,11500,315.442938ms
0x81d5dbb3625eebffbf2419ccf1b81dadf77f81a0,141.95.34.226,39675,129.315438582s
0x8dcc943611724027a55c56acaf4470e50d773171,141.95.34.226,46757,129.315448107s
0x8412a085ac439d05e51eaa04cef7efabc943ca68,141.95.34.226,64211,127.315448792s
0x8dc18c6a8a0e358444380a359462063ecb221a9e,5.226.70.11,64858,1.315421438s
0x8f05781661b27c09f38c19e7ff4491a6bfedd347,86.1.191.54,6445,315.434502ms
0x8f3e710b47ce77d380f011ed331485b3e739f365,175.203.71.201,11500,1.31544078s
0x8c256749db1f694a860117a7e59cda72fed773d1,133.165.218.41,1041,1.315447404s
0x8dd712cbf4051a35eb992a66af19dcc1317084a6,92.85.13.12,11550,315.444409ms
0x864f72bc3b9414931526c4d8f1bda8226771a83e,168.119.79.244,11500,2.315435928s
0x8fa86fca874363852167f8c5525929c334e5ef92,92.85.13.12,11577,1.315431853s
0x88589cc42dcfec73db0fd216d237ce51fa46f06a,109.108.74.188,11500,1.315426777s
0x8610b20941308fd71a8c96559cf4f87a8a38f5b4,82.66.219.1,11502,7.315430141s
0x8b811940121b2fd3886f1ec000aa477558d47923,195.90.107.207,41952,4.315432893s
0x8fb6032078976d8efcd0fcacd76ef1494545d4d8,92.85.13.12,11548,1.315446569s
0x8645cb8840718c66a682053f437dba849db08088,121.121.107.206,11500,1.315433455s
0x8499751232383cc45f542473e47b42ae9d3c14d9,217.133.89.109,11500,1.315437607s
0x8842512ef4c35aba2ff2883d766c3382c50de990,92.85.13.12,63709,315.44225ms
0x86432cc6a3e50c49aeeb426bb53094e088ef3c49,198.245.63.10,11500,3.315427545s
0x87e1b93fa52fd64758f9c3aa8c258ee7cf3ca1ca,186.99.180.99,11500,315.445199ms
0x8e549b4f3d7ce7345816c693a14e93161f624748,5.226.70.11,43498,2.315443731s
0x878f85cdbf2bb17e4e844087966813205106a8c3,141.95.34.226,60327,130.315424914s
0x8dea7af922d830ece49dcff0672be5b66582edc8,46.116.253.113,11500,1.315425884s
0x82cf3d0472d270fab96e7a061f343b79fee4e480,54.37.5.126,11500,2.315428497s
0x87b5380a518b9d26cd4bc68d3cd03b87be760392,46.170.175.179,5731,315.445881ms
0x8eb2cde4ff3989dc06ffb6142ec47335266156a3,162.19.68.242,11500,1.315436832s
0x82a630d2447ffd282657978f9f76c02da8be9819,89.64.18.102,43832,23.315429328s
0x823d6c7a9ed99fa28265b94083e74228392cd45e,51.83.236.130,61872,315.439334ms
0x87695c81b479e7db42e1c4c17133601f8d1555cd,92.85.13.12,11561,1.315439995s
0x9f8829f8f9d3dfc0749ad805e98f357dce444631,51.83.236.130,15346,1.354475868s
0x9f6e21379ea2df4bc5912c3d18931f303849b1f8,51.75.168.181,11500,1.354459218s
0x9aa922e5bd4b6c34c5d25fd0fdb8860857ff6ba7,86.81.28.174,11602,1.354474993s
0x94b2d35ed2991d0e65b76a3d16337c399aad1752,65.21.73.42,11500,1.354469443s
0x9b72a2b41cd0aeaf295b80a74a8dbfe773aa73e0,86.1.191.54,6434,354.467121ms
0x9c64841632ab57b6b09cf0782144939da6de6541,91.89.252.33,11500,1.354481869s
0x9bed88b3bac02c4ebcf478229920ae8fa0d9987f,65.108.142.119,11500,3.354481089s
0x9ef920e37c5b4f05c22d3eb2116e818664c4afc4,82.78.191.26,11622,354.485118ms
0x9c6e537da7ab2ec784ddd3af900af2d9f7695554,82.78.191.26,11630,1.354465459s
0x9d7baad61ceb8833fb4b38017d3ee9e0d55423a8,198.244.143.224,11500,354.482754ms
0x96800f09f94cab04f2ee6a9e05261c55c6f815ff,112.200.160.39,16671,1.354466333s
0x9f3aac3d57fb722a5632d3ccd3303c281f699876,51.68.144.51,11500,1.354473939s
0x9d0fd580cb3def6090bbed7f20af45c5657394ff,91.89.252.33,64475,354.483483ms
0x96c72289067578c852957d20acb35c8d7c2a0003,141.94.18.94,11500,354.462585ms
0x9d008c94aafcdda01358aca67f191b00d27d2b2e,51.83.236.130,4517,354.46861ms
0x91363f1e7472a90847327b6a10336403272bda26,151.36.218.58,64145,1.35448774s
0x98730f729471410db10f4d4951fb9f7c35aaac70,51.75.145.80,40109,1.354467949s
0x964cffd7f02044e66d60f00c95adc122a7545309,216.169.15.198,11500,1.354478779s
0x9d1b9c222618d4617206d6e2524a82f5a543e315,95.144.38.197,11500,2.354464597s
0x927159e66d891815d9feed7ad42471cefd2488ee,162.19.71.169,11500,1.354471644s
0x928695003f7811d2192766ecac89cf1cdb33e880,92.85.13.12,11533,1.354473283s
0x9bc9c883f3d9255f4aeda74fed113fb5ae4fc8b1,51.83.236.130,23007,354.476823ms
0x90affa7a68edd189297809ee07ff7e2670db9b98,72.132.76.180,11500,1.354470796s
0x9748746273e2cf46edb96fd886265a95f4d8cecc,5.226.70.10,36764,354.484349ms
0x947129411e627724f241ab05718f95902e3bedaa,2.211.18.209,7922,1.354486815s
0x93f1b1b3d39ca13b6c0e14664b84a66342bcbf57,92.85.13.12,11578,3.354479758s
0x9ece0c0cbeb1e5c78af151a2b4757a718a65e697,92.85.13.12,11621,2.354477617s
0x980d28334ae489f7c17370650fb5b9dde25fe8e2,51.89.117.102,11500,354.480375ms
0x968bd47266335746466b82d416c2e13163978334,82.78.191.26,11500,2.354463588s
0x95e4bd56f296856032ab1a08d4739359b863e96f,133.165.218.41,1039,1.354472583s
0x9224eef48e626629a1f6f0d0f757b5a69bcebb3f,82.78.191.26,11515,354.470169ms
0x95407afbd9a655e6f35c414fbcd4b2bfa19dbc0b,172.245.27.147,11500,1.35448593s
0xa45487f7c02547478a0997127728c4b9688a89d6,5.226.70.4,27185,3.392844333s
0xaa569056580e2f5e1e5ec6a16ac186a5aa56d6df,87.206.159.22,57442,392.842508ms
0xad35a7d5d3d5fd5228713b9db26851ad727d03ff,69.247.142.161,1024,392.8475ms
0xae5d43485a341bc4f167f6a4fda0749f1d7f3e11,69.163.152.137,11500,1.392833303s
0xaa97fe014fc7b06947e94fe6253a4d9e80593d5c,157.90.215.244,11500,5.392852701s
0xaef94a02dbbb375f19428ab12e65b5af411fb64b,24.46.6.86,62730,1.392857411s
0xa1ffe6092307196a9b9a10afb0f1af879d167df0,92.85.13.12,11553,392.848275ms
0xa124e0321ad9f6206e1895265b789d2792ce56f4,187.138.58.32,11500,392.836074ms
0xa272d86f5c0466783ecff3403786f42d18f3fc3b,46.170.175.179,31019,1.392840421s
0xab1017b4f43c470f57083b521b1953560c767332,92.85.13.12,11536,392.853286ms
0xad5974ee7500566c78a25185d09a8be47e9d6152,95.217.57.159,11500,3.392854102s
0xa3936bfe6c379c4b2aa359350726aa7a5eec0ec0,84.234.97.57,11500,1.392830037s
0xa816624d0c4e19576909d65a93671d906c2c3b30,98.215.157.67,11500,3.392843372s
0xa9834db6709d08daabe62b1bc0b58d7923d13b17,88.156.216.255,38279,392.850372ms
0xa0df3d9899f0c02a64bc46f6c501266eab1b7e01,95.217.188.3,11500,392.85815ms
0xa177ab577e9ac89121cd8770b516b696b5ee0410,79.117.51.223,1024,392.838446ms
0xa8c8558c13767a037577af34bdb5ee9edd4610a1,5.226.70.4,64130,3.392841842s
0xa2bf9c018638e6de9c89a38287ae59185235127f,185.89.37.138,11500,1.392845177s
0xa890633a7f960adf7da744dd22d53483dea02f00,212.111.4.58,11500,392.854881ms
0xa7fc82678b86456d8c117c24f3b897bc1ee60b6d,82.78.191.26,11626,1.39283428s
0xa1d94297ccee15b07887da10f6a2f9db2675e47f,5.226.70.11,39527,2.392845868s
0xa72ac3f5211d6d659c3a7cee5a46aa1583c21bbb,199.188.247.222,58429,4.39284972s
0xab6fee48adacb3923dc50a8dc3cd0deddc0b2fa9,157.100.106.147,18192,392.835119ms
0xa6dd5757ceda67a9d022ca1f376e241e4af3ea48,51.83.227.183,11500,1.392836835s
0xac8d393819c4149e6d92e848ba73b072f93ec70b,15.235.47.244,11500,1.392839748s
0xa961f5bba56742e82b4e0c894204c226c0647525,88.99.94.58,11500,1.392851214s
0xae42c8889cc0fb563c005e2a804c507fd3ca95b0,5.226.70.4,64351,3.392856461s
0xa9c65a8e975d5b2590c9bbb3a872530679d925ac,54.37.131.11,11500,392.859038ms
0xaffa62a3097bd4d08fcd9a51759a74519233852f,86.1.191.54,6446,2.392841094s
0xaa448ba67741c3981c6a66e8baba56663c37c5e1,54.37.0.251,11500,1.392849073s
0xa20a2401b520d91cdb462464202f53b0bedcea84,51.83.236.130,23006,4.392837641s
0xa179ec8ae148d9df1742917008d09a46270facb2,15.235.44.19,11500,1.392855618s
0xa1b78bc3f5b19f6962344fcb4360a5dda39f968a,51.75.145.80,11500,392.851974ms
0xa809b4e0e5a8b5299e2cc0bbb62122db6d4a461e,79.136.24.43,11500,1.392846712s
0xb3a20a860f85f309dd306df43ded19e1730a6008,41.248.126.199,1024,430.361304ms
0xb23c46bcbfb18eb34af47a402962a86444fab5c2,162.19.94.38,11500,1.43035509s
0xbe5310d71a49f6a18aba7aee670db01330f3a96a,82.78.191.26,11633,2.430357205s
0xbe3d2b1ca7ae5c34361f41f12e552e6c13f73960,5.226.70.11,58374,1.430343925s
0xb58979d60830a557f9e4c6d5627983ef0e5d77e2,94.158.155.157,11500,1.430346497s
0xb2c32d5194990fefaf3b76a541983e8d5edd5aa8,92.85.13.12,11538,2.430369243s
0xb98ef7dee3adbd2cbe3cfe22756835c1549fb48f,3.125.181.187,11500,7.430338551s
0xb03cabfbcbaa609d08066fcb7bbd297a2251db2f,198.244.155.147,11500,8.430372026s
0xbb320b6e63eb3c7c9bece9bb39a962a523c901c3,118.211.190.97,11535,430.348203ms
0xbab613e0c396a117342b5b0a1ce5789ee5225bda,89.253.166.145,11500,1.43037571s
0xb8e29e760b892ab2ad203a444de0b0b1f2e1ab53,185.89.37.138,64959,430.353717ms
0xb8abe71e735ae517efbc39a709d5a54293f6ba2c,5.226.70.4,26455,430.349012ms
0xb69f32f6d97a8e19eb2af357b43914b721d5b583,141.94.18.220,11500,1.430345562s
0xb3fc810459220f18a676e035f3d270eeeb705cc6,141.95.34.226,19007,127.430358064s
0xb644c6af52567bca7fd2fe6638489553f4d09552,51.75.63.248,11500,1.430341233s
0xb0a0d851186e29e8bf2f2a7277ed43d9a3cf17fa,99.113.239.234,11500,3.430359787s
0xbbe80a7a9403effe55798c29f2cb1590989fc285,92.85.13.12,11761,1.43037016s
0xb023335e57c14653e66011f7276488bb7456c429,198.244.154.130,11500,430.347097ms
0xba7cbce8496693b4b3626bd87e32633d6ecfda73,141.94.105.19,11500,1.430373236s
0xbfd82b38c46078b0259c4597ea396a5b948da72c,85.144.39.200,11500,3.43036061s
0xb49b199947d7698903cb5a69cf1006028da0c128,195.90.107.207,3672,1.430339491s
0xbd2a87068e56487f4abb897208cb524d0706bde9,135.125.217.201,11500,430.36816ms
0xb72796c935d8a837c4e63372e4894eec5792209f,188.126.163.204,11500,4.430365269s
0xb5a562cb72c69cebb53db9b6301ca29b093aad49,135.125.244.71,11500,430.34029ms
0xb20235f5d89f229031fc4c060d58526168451fa4,2.238.192.23,18155,1.430344744s
0xb6fab9b47350672aa5b3454742cabe1e6a609284,192.165.137.199,56867,430.356576ms
0xb335cc1333a386fa7a015b34151fb97a85cb9c56,88.99.90.124,11500,1.430354339s
0xb8a33b32ccd8099018211fd8ce15ee8d2b4d5bfd,157.211.108.147,11500,430.351108ms
0xb523af9417d5e41a017d15da9179af820a515279,5.226.70.4,41528,1.430362153s
0xb12f804d1a6f30845dd330be501cc74bfba481db,51.83.236.130,23002,3.430350361s
0xba228c91be04e2e9ec83dcb65640ebb385387327,86.81.28.174,11601,430.363026ms
0xb2968d40ad6c29fd0cbd6db99037eb69d893928b,133.165.218.41,1033,1.430371069s
0xb2dcd2925aef3fbad821951ba40b6ab98067db2e,69.247.142.161,11500,1.430358759s
0xbeae8cd590c28f14e1947e757f753a534b8b423b,5.226.70.11,13727,430.342ms
0xb8ac6b2cabf544e6776d26258ac37fcbe5cc8b01,151.36.218.58,64141,2.430349708s
0xbda981482cca2db5b8c2e50dfb3273055ab51399,146.59.243.89,11500,2.430343036s
0xb20df48c215ac36ac9fad4a7b8a92f74e611ef4c,92.85.13.12,11539,430.355814ms
0xbe6d76e6bfd8bc0800b628db3cb236609ac1bd0b,69.247.142.161,1041,430.364336ms
0xba668351c1f03b59cb010ebe168f014f61f9e601,5.226.70.11,53537,430.335138ms
0xbbfbe09f4bbd0b334f98b0ba8c3c8e79ac46c47e,94.130.236.57,11500,1.43035289s
0xb8274964dc9e13af32e881640388ae2d44d23b33,80.235.45.102,11500,430.366481ms
0xb1a07e579cf632f5f11149ce08a2d9d078462624,96.78.52.233,36688,430.352082ms
0xb3969ab4d05b325f08ab863660151a8051948327,82.78.191.26,11502,1.430367302s
0xb7c2d4f289cde1419c810c6120d205ce4998c69e,15.235.48.212,11500,430.374825ms
0xc8adc7f385987b0776abeb9a96137ab961b433d8,76.100.253.190,1025,469.085018ms
0xc76586a03064d64041c7f4cf3c7221c1176f0238,84.234.97.56,11500,88.469086706s
0xcacfa51b586d4b4a024c2e205106fda2f1255bbf,141.95.100.146,11500,1.469094175s
0xce9d07bd2fe0426e753de9af8ca619f583457e12,51.79.25.104,11500,1.469083618s
0xcbe88eaf7b03c995e4d9451c01aed108c268c0b0,5.226.70.4,47253,1.469074183s
0xc8eb678ba29480dbf6d3cb58398e592024a29a7e,46.170.175.179,45398,1.46908434s
0xc786215ad49959abc46ea19d2f2e1ee1b333632e,15.235.46.56,11500,1.469090481s
0xc152aeec37bfaf2446b0e1ecd4919a74c263176b,92.85.13.12,11624,8.469095844s
0xc189769aefb85cfb491af17746a15c398e1f3769,141.95.34.226,11500,127.469070288s
0xc38d86447e4b22b4a0c70be32928669dbfa136d6,5.226.70.4,29108,1.469096647s
0xcdb8719498822660fc3c2e0dcebfffcdf2076400,92.85.13.12,11572,2.469091177s
0xc78e41fffbfb93b4e67920dde1409fe43c69ac6a,15.235.46.220,11500,1.469094896s
0xc770f90ef7e7f2d463ab2d298a8c2345424fe88b,69.247.142.161,1042,469.102372ms
0xc047483f32c6bc1a638fd9dbb0bfa8a57f8fcf80,141.94.18.104,11500,1.469103043s
0xc8bde55e96fd229dc244cbe2a008ef0498ee9e0c,51.68.147.113,11500,1.469092687s
0xc3ba6bf1464d4e10ffd3ed8e01b38524520724a0,92.85.13.12,11566,1.46910455s
0xc42ff5c58db129494630766b63a666e60fcba210,51.79.102.17,11500,469.074985ms
0xc0e308c90170c8dadd74042cfebd2df0576dd684,162.19.71.192,11500,1.469101435s
0xcfc6660840fbd02d412abd69f724381d352bdd8a,141.94.106.219,11500,5.469093493s
0xc145a5b2c2a6bdf4b101230767d1b318278bd818,51.83.236.130,56744,1.469078196s
0xc9bb58f061705b2c47ca980ef140f81267892706,15.235.40.177,11500,2.469087417s
0xceadb522daf47d71e7243530519e5d90e187ac08,145.239.29.82,11500,1.469099801s
0xcd11c20c1312af5c8431afb4e2b7b44b304a1527,141.95.34.226,52508,127.469066148s
0xc0cbf9d191897fcd00da67022f1fb58c88103a30,185.20.172.15,11500,469.071987ms
0xcc2629f1ddcbe1be91d6c418ce66a868039727ee,89.253.166.145,11500,1.469075918s
0xc8b54bcebec64de448997cfabc70c89674b49250,54.37.131.158,11500,3.469080037s
0xc9665478160b793517c677e4990be63abafdb917,197.234.189.107,5116,469.08265ms
0xc45b67ef0cd4424feab4a44cec5e08829fdc33e7,92.85.13.12,48245,2.469081089s
0xc1a8c269fd4146e5a6950d1f16166eb9c740e797,145.239.29.199,11500,469.071078ms
0xcb13367ac3ae91afe801696cf42e38b1b59ed1ff,135.125.13.141,11500,2.469097428s
0xc04863f26dab1bb0d9ec35c793b01c6cc5e7a399,145.224.103.151,3947,1.46908967s
0xcc9a418a2a604f889f46440c74577ffdb8b3e22c,82.66.219.1,11504,1.469079234s
0xcf2c8968cf302557466c363dd9683de99a7a61f9,135.125.219.247,11500,2.469105202s
0xc82921d63291ef88d754857b9721ef526e5c97c7,219.74.199.30,11502,3.469088223s
0xc4bc7aa95302f14bc61424959961aad82034962d,87.140.111.102,50353,1.469069355s
0xc0d1deb2d28135c34d2ee59b080ea04038e9d101,88.156.216.255,11500,469.088961ms
0xcad147178aa0debfe13699b436d3459a4984eed5,133.165.218.41,1040,1.469098182s
0xc408e38e1f0c8f133943e53f7db6380d156eb76a,39.109.172.171,11500,469.103809ms
0xcf52fb6760950ae4235129d65b4fd5f9debe9253,51.91.208.68,11500,1.46907324s
0xccc2e01b440e4654784f09ae8385297d0c08036e,81.171.3.13,11500,1.469081982s
0xcce05574363b286c940e082b5bd0366e7000dac0,141.94.19.239,11500,2.46909188s
0xc549189ebc5fea88c76d7e78da57094033cf300c,45.135.7.27,11500,3.469098967s
0xcfd951a32a77e31e0c7ba85638c828a2ef4342cd,51.75.145.80,40103,2.469100761s
0xc5ea19783b09f931c27f988c10b4a2ea95d7f56c,79.230.189.61,11500,3.469085837s
0xc57d2c47597ee919e84fec16c9a37420424436b9,82.79.247.233,11500,1.469077407s
0xd1bfbe3ad6061df1a2d9dbeb854bef875bb0188c,68.132.192.41,11500,10.503247292s
0xd0b53638e248ba6316d6db0aad5b5c79a14e89ca,116.241.192.208,11500,3.50325492s
0xdedd2487b26e325242be1a508d7e2b8417f0ec99,51.83.236.130,23003,1.503255796s
0xd6559a11bc40c2924aa34ef41211beec12eb4a32,86.81.28.174,11603,4.503281883s
0xdfa6e59cde46431eb8f9919e1a537403d8999501,5.226.70.11,35534,1.503246557s
0xd76cb2f02d16685a732922f73e83136476b872d0,82.67.40.198,11500,5.503245786s
0xde035d77a486e00e8085b1f01cd4771df2ec8149,92.85.13.12,11537,1.503253383s
0xdbf72b2e37ae26a71f951b89c4232d833e58703e,54.37.0.4,11500,2.503281164s
0xd060929393eb7c87fa7e362e713d4a0aeb58de21,116.202.32.93,50290,9.503249885s
0xdb2488e09700259ff2513fc3ea2bb64f03c5ce20,88.156.216.255,1615,503.251354ms
0xdc45ab0952759ef1be9153eafb347080ffb43a60,62.143.83.78,11500,503.252057ms
0xd6b377d22cd765a6d6d3ab3fcb4b18dfcba19b63,69.247.142.161,1046,503.243304ms
0xd0ffbb8c0076c157eda7e3d249206553367e9007,3.68.222.217,11501,1.503256528s
0xd785288bf6bf3c51dfb090e28c5ed1ec9ef8e628,72.76.165.91,1032,503.259245ms
0xd5b741d7933630750581229f3a8c614dfe9221b8,5.226.70.4,50680,1.503261668s
0xd572de65213a7042ef9bf162056b417a8c692a58,92.85.13.12,11549,503.285054ms
0xd79f83f1108d1fcbe0cf57e13b452305eb38a325,5.226.70.4,12677,1.50328418s
0xd6985480ec97d785c2c3b8ab6d7e8782d0b7f822,86.81.28.174,11501,4.50325806s
0xdaf5bfbb47941bb92df00be0772bdebccbb3c5d1,135.125.245.14,11500,503.249008ms
0xd42c116c910a92b5c181c8f025f93cd864e7ebff,92.85.13.12,48196,1.503262327s
0xd37e9cf0d1f3e1da7233125eacb34a67444e10db,136.53.45.66,11500,503.257226ms
0xd290823761d08c7e6f2cb58989e3fe4973423c32,88.156.216.255,1755,503.278917ms
0xd436e84aa0f07a5c2b2846f9a9c774f4b4b40a3a,51.91.208.237,11500,503.248112ms
0xd1ddd368cf7edf3ba6ba77471905e323f64748e1,92.110.243.132,1038,2.50323958s
0xd72b5ce1dc6274e23ca97311c7feeb91a02d72ad,86.1.191.54,11500,503.260947ms
0xdf995bc4d4ea197eefdfae6f28d6e51d83c1f249,51.75.145.80,40112,7.503280366s
0xdbbff3067784b370236e6968ffb30a2ef303d1a2,5.226.70.4,40816,14.503283407s
0xdeb1a2e7a64157ddf1ea40c557b06cc947ae2114,83.10.167.35,11500,1.503250609s
0xde3c49d96f5c0e3859956c69e21fa69814833b57,92.85.13.12,11512,2.50328269s
0xdd8bbb6a0734d452be3225dabb42f23aaae7b9eb,157.100.106.147,18176,1.503279665s
0xd4c1ae40b18387234cc6703383e5e84b55f520f7,5.226.70.4,25945,2.503260069s
0xdb3a6afe28a979fea8e774d916dc9e030ccf5431,86.81.28.174,1028,1.50324488s
0xd209280adae1c3d849b9b6b02f34c8f5d1db38cb,195.90.107.207,17064,503.254214ms
0xdd06e1abc49db1229b4a323d6590ab5f2336c568,133.165.218.41,1024,503.252788ms
0xe210947d5b1662082aeb41ba0e31fd5d86c797b0,86.1.191.54,6436,1.538133185s
0xeb737c09ef5f2be9eae7b6f283961d23f9abdd42,134.228.199.144,11500,1.538115483s
0xe93384b1a42231e7e6ac841a25f969253b181cb0,95.214.53.139,11500,4.538119688s
0xe3eb413933183631452e289591aaf04f5dea7729,74.207.179.198,11500,538.116285ms
0xe1ba9248dd9f6631fa09ee65b53a669774d8fdb1,24.18.129.224,11500,1.538118879s
0xedb84bf623193e80b5d021347c88c75614847464,86.1.191.54,6441,1.538122761s
0xe330e96e8fd73407eb9864d521f62bd66d3b8de1,135.125.247.173,11500,1.53812553s
0xec4252f2f1cc42a0c9e3cd166eca7b87c7b2237c,92.85.13.12,11570,1.538133875s
0xe02df68349af1e9fad0b252265c5bf10405374d9,175.36.251.218,11500,538.129101ms
0xe2792ccccf16752248c1cf0ee24b40a2941a941b,82.78.191.26,11507,4.538132488s
0xe7445a840303bd60db5f41cd8a78c6c0c5e07e1c,84.234.98.79,11500,4.538139306s
0xedd84da61f7348510d9557c2f5067b460ef6588c,15.235.41.112,11500,1.538127599s
0xede79cda97e38d4e3d8cc03fa857d37cc944483c,88.156.216.255,41295,538.140941ms
0xea91509eeb583f4d32b61f698ac8aee7aca5cae0,51.91.209.128,11500,2.53813101s
0xe4c71cf29430a30136729991ff555f8cd5b85bdc,88.156.216.255,20337,538.135441ms
0xec8f081f545c207e6d19c2cca4d37893952fb0cd,70.77.90.25,32265,1.538114124s
0xe4ceb5c17ce7f974a62354eaf5ee56f973034bbd,198.244.141.63,11500,2.538121216s
0xe319d37bd480ed33f78cd9ad25b159c0dbe4d587,87.206.159.22,43110,1.538118096s
0xea1a3215703ce69c09ba0d997dbd149a3856f31d,87.160.222.236,11500,6.538121836s
0xec0c2e129d6d897755fed3bf607b33388eb0b148,54.37.3.164,11500,1.538124653s
0xeeae462501e792db50730780684ce729351c0fa7,81.168.35.50,11500,1.538126425s
0xea12d875324c2437e1c2453a131ab29dfcb00664,92.110.243.132,11500,1.538128294s
0xe02ed04abac5e312496b7f6afcb20881bae8ee07,195.90.107.207,51494,538.131802ms
0xe23b2882d566f8fe4214711f6a2b1c64a3b4f9ad,185.79.240.170,11500,538.136568ms
0xe55271a64b97a6593a23fa1172331792400e0c48,141.95.34.226,45166,129.53814182s
0xe5435d0c42583cfb5d7d5843c4832474de4376fb,82.78.191.26,11501,2.538112303s
0xe0caf7294568e3ae160e86821208ed43a64108ff,92.85.13.12,63650,538.137826ms
0xe2eaab5494809098e58435407b6a4faf2a7641e7,144.76.182.201,11500,1.538108144s
0xea60605b04e290b112e1a9ab8545a179c960caae,5.226.70.11,2609,1.538138565s
0xed2cf242e26969f97f3c7f6ca76b81a8924aeccd,146.59.241.5,11500,1.5381171s
0xed450c42345e173dd8398d53547aef6df77a2f31,15.235.46.154,11500,2.538120376s
0xe1391a3bcc561a7f7d56aa7a3fec63f4f27cc019,5.226.70.4,11191,4.538134607s
0xe3698184ebba443f1ffc8e8b89553ceb108f3c53,86.81.28.174,11603,4.538123699s
0xee629ccf1aff8cfcb9d07d5f073d6c3dd7c0cef9,175.139.141.61,11500,2.538113308s
0xe98a06708acc008064863ab93c42d5993043b54e,86.1.191.54,6447,538.130069ms
0xe8f542225b0144a9ca1e1258f8df140c1f57717e,219.74.199.30,11500,538.13994ms
0xf69b2f7022a0685c8872c81569ee8a5bcf84e83e,77.253.174.227,11500,2.574719295s
0xf2169464b5c15f195a028fe242af9a15aa73ba63,145.239.28.141,11500,574.715833ms
0xf123010cffbb4e8c723ecc4c5e134356468080b1,110.22.87.100,61209,1.57472147s
0xfe38aaf4c8ac21620e35f0f233add086caf00b0a,135.125.15.63,11500,574.695794ms
0xf460871f1741dd2eebfa115c3ddd8a1aaa7fa914,76.100.253.190,1026,1.574716606s
0xfba49a72ff06ee0454a0e2c730c49a56d1e4a89d,162.198.71.155,11500,1.574701387s
0xf949cb8fe2cd7bec56e80bc8f069d9bbb2c9d5c0,212.250.153.231,32274,574.704253ms
0xf436a6ee8180527b3ebe63e63cf4751ee3dcd3f0,51.68.144.4,11500,2.574693984s
0xfc88946eac7433315a82a0d83cef54493aa69948,46.170.175.179,55040,574.705715ms
0xffc0502bd9853d342d117a2a54b227f784defc96,159.223.180.25,11500,574.690959ms
0xfeb0f51f9757e30676cd8e4132dcb4324179bc7b,133.165.218.41,1036,574.718413ms
0xfde8c4df95c40423497b597bbc9a98736b9f0f71,146.59.95.209,24434,574.703526ms
0xfdae643a257ec1e792d01ba164b52227dfc0a247,5.226.70.11,24999,574.700513ms
0xfadb10dd14828de1b2ec5ce1f238f54bd50b5952,89.64.18.102,43897,574.712659ms
0xfa13eea2b2eb62c449e06b753b686d240be216d0,92.85.13.12,11509,1.574713421s
0xfcc2d214c05ef323c35661368ad49661fb989873,3.68.222.217,11501,1.574708683s
0xf1221f5ff8c2ed7d7cfe665a6bde17b89f53ac41,151.36.218.58,64346,1.574704929s
0xf29d362e39036374205033eee3584de7c0b76735,212.180.193.134,11500,574.692012ms
0xf5110f2864d17a6b2a2afe4f4eab0a121ab9a3e7,195.90.107.207,64492,2.574692816s
0xfa46f92c14965a5382c6313c4e081a59d688c374,92.85.13.12,11567,1.574699692s
0xf6def06a40b5d2adf3e42141448786f0c2e07f37,5.226.70.4,1486,1.574698253s
0xfe92dc9d8805c92e554534012961c10c1a325760,144.76.182.201,11500,1.57469883s
0xfbf45f472dda11f21fc73bc55c3105265a440e74,51.83.236.130,46123,574.702856ms
0xf4c3fa3054b1e557761b13ee574703054398ccce,92.85.13.12,11574,1.574709393s
0xfedad4a002d53a61b3049f164ec2e9a8f788485b,54.36.115.122,11500,2.574696583s
0xf0fcdffc66717cdfc2f1dcdbf3ab9d08ee3bdf87,87.206.159.22,59977,1.574702137s
0xfdf7dc57b596d7da1e3f4294cffe080ffbda530c,92.110.243.132,1032,2.574711816s
0xf1e0baaae6688070ce28b2fdde5a8b3d5684f6e7,51.75.62.197,11500,1.574707068s
0xfde61609a0aee8d5755c9dd81b1a3e54b47f42f8,86.45.12.244,18223,574.714172ms
0xf0a49174d673abae5fc04686aa584596f881a905,92.117.2.243,11500,1.574720541s
0xf8155f6bed58af5e4093d38cf68066e3f47460e2,15.235.47.245,11500,574.689704ms
0xf7053ddf52432adcdf4eb1816e30215775eb04c7,69.247.142.161,1038,574.71498ms
0xfabb57f2ce0634030e792c5f4af8f2a760427325,5.226.70.11,54149,574.69493ms
0xf52267ac9ae7a095466385e226a1b9d3d478418a,109.108.74.188,10873,1.574686131s
0xfa07e9e6b1b484654300668b04bc83a67362d992,87.206.159.22,11500,3.574717603s
0xf60906b3b53769b8ad277318e583eb749b38d1af,54.37.130.187,11500,1.574707966s
0xf85b59b1b0cbd13d6008538a42ff322e43f9a5f4,84.234.98.81,11500,1.57471101s
0xfc7c11e1652571ae3909762a8479085871709ae3,82.214.142.34,11500,1.574697255s
0xfdac02febaea23886d45fa61bb8f2af2709b4e5b,46.116.253.113,1024,574.706441ms
0xf439c34bec1cee530039b8c26e5d56ec377322e8,51.68.145.154,11500,574.710233ms