issuer_id,is_online,last_seen,total_online_scans,uptime
0xe98a06708acc008064863ab93c42d5993043b54e,True,2023-12-11 15:49:15.361500,1,100.0
0x11b84f5a13ddcf4e7f8abb1adcf91540732aea11,True,2023-12-11 15:49:15.364566,1,100.0
0xaffa62a3097bd4d08fcd9a51759a74519233852f,True,2023-12-11 15:49:15.364743,1,100.0
0x5f11ee7f7b806bcc629442b6f086bd6a54d8a357,True,2023-12-11 15:49:15.364871,1,100.0
0xc152aeec37bfaf2446b0e1ecd4919a74c263176b,True,2023-12-11 15:49:15.364975,1,100.0
0x4645eede40ed634bc038a0f561ca433350c61bbd,True,2023-12-11 15:49:15.365061,1,100.0
0xaef94a02dbbb375f19428ab12e65b5af411fb64b,True,2023-12-11 15:49:15.365145,1,100.0
0x0dc5a07a3577a9f2a103d9fc1761a585650e79f9,True,2023-12-11 15:49:15.368546,1,100.0
0xf123010cffbb4e8c723ecc4c5e134356468080b1,True,2023-12-11 15:49:15.368725,1,100.0
0x927159e66d891815d9feed7ad42471cefd2488ee,True,2023-12-11 15:49:15.368824,1,100.0
0x1c5e862810eac7a65350cb0538a8eb8b30f560d8,True,2023-12-11 15:49:15.368914,1,100.0
0x688fe4cb0c4be3fb7c968129a08d79de62bf9a34,True,2023-12-11 15:49:15.369013,1,100.0
0x7f64711f0e301b7ba3e85d5a936d0a378cbdb657,True,2023-12-11 15:49:15.369110,1,100.0
0x5922a4e6dca9eb3782777380fcd291b40b1903cd,True,2023-12-11 15:49:15.369207,1,100.0
0x143e637b673e7c3153facc078c306da7c6ebef1b,True,2023-12-11 15:49:15.369316,1,100.0
0xedb84bf623193e80b5d021347c88c75614847464,True,2023-12-11 15:49:15.369408,1,100.0
0xf949cb8fe2cd7bec56e80bc8f069d9bbb2c9d5c0,True,2023-12-11 15:49:15.369506,1,100.0
0x4b0abfa066c8f1acb46bb9cf68211c5c2c7620df,True,2023-12-11 15:49:15.372858,1,100.0
0xf60906b3b53769b8ad277318e583eb749b38d1af,True,2023-12-11 15:49:15.373009,1,100.0
0xa272d86f5c0466783ecff3403786f42d18f3fc3b,True,2023-12-11 15:49:15.373138,1,100.0
0x0f6a9c1c99a1372382a8d871c9e44b8b20834e09,True,2023-12-11 15:49:15.373243,1,100.0
0x54c55278f2a3f5fcdb0af7eee3ebf2bfb89ce74a,True,2023-12-11 15:49:15.373350,1,100.0
0xec0c2e129d6d897755fed3bf607b33388eb0b148,True,2023-12-11 15:49:15.373461,1,100.0
0xab1017b4f43c470f57083b521b1953560c767332,True,2023-12-11 15:49:15.373576,1,100.0
0x7cd4cfe240f5e386cd9d9c561219aef2738f07e6,True,2023-12-11 15:49:15.373695,1,100.0
0xcb13367ac3ae91afe801696cf42e38b1b59ed1ff,True,2023-12-11 15:49:15.373814,1,100.0
0x43c7383abf784186e5bc94aa22408e7768148b98,True,2023-12-11 15:49:15.373933,1,100.0
0x6fae611585a1e52e91a69773580ba912c25d2b98,True,2023-12-11 15:49:15.377485,1,100.0
0x743088d72189b69ce505ef83795dc348f401dab4,True,2023-12-11 15:49:15.377694,1,100.0
0xdd06e1abc49db1229b4a323d6590ab5f2336c568,True,2023-12-11 15:49:15.377833,1,100.0
0xb1a07e579cf632f5f11149ce08a2d9d078462624,True,2023-12-11 15:49:15.377957,1,100.0
0x4e42ff5ec190e4626f3733b3bf5625b473b1538d,True,2023-12-11 15:49:15.378084,1,100.0
0x080efafac263131bfe1a3de81484a6a944bdb701,True,2023-12-11 15:49:15.378207,1,100.0
0xd72b5ce1dc6274e23ca97311c7feeb91a02d72ad,True,2023-12-11 15:49:15.378336,1,100.0
0x258f6cd7bb09d6a03178ab024e4b061dab4ae829,True,2023-12-11 15:49:15.378466,1,100.0
0x4988925689aee2ab3a49717a686afa81ed888d1f,True,2023-12-11 15:49:15.378599,1,100.0
0xc786215ad49959abc46ea19d2f2e1ee1b333632e,True,2023-12-11 15:49:15.381176,1,100.0
0x1ed05d70d777166e37dbcc04b21a569032c7d2c2,True,2023-12-11 15:49:15.381350,1,100.0
0xc0d1deb2d28135c34d2ee59b080ea04038e9d101,True,2023-12-11 15:49:15.381596,1,100.0
0x23fd2fecc35a0c4a45ced6ce3b692b03f76c274b,True,2023-12-11 15:49:15.381799,1,100.0
0xf009b903e8b2da22354d6696a169bd828ad45d49,True,2023-12-11 15:49:15.381964,1,100.0
0x631344436595498805c8194c7c6e92e711e502f2,True,2023-12-11 15:49:15.382113,1,100.0
0x4940a8e3680c755eba8f92ba214e7e180a029c8e,True,2023-12-11 15:49:15.382254,1,100.0
0x1b6d818572822deeb2d070b7cb91c501e78b7bf7,True,2023-12-11 15:49:15.382405,1,100.0
0x491a70e4193aa0821806003140ee208fc7375a1f,True,2023-12-11 15:49:15.385870,1,100.0
0x367b3c780bb9944db5eae0d393fad8fb124a9f30,True,2023-12-11 15:49:15.386076,1,100.0
0xee629ccf1aff8cfcb9d07d5f073d6c3dd7c0cef9,True,2023-12-11 15:49:15.386236,1,100.0
0x30b9670d56a29c5b35a9b9e2365eb7ff2c8ce0a3,True,2023-12-11 15:49:15.386392,1,100.0
0x5006327078c2ef59d63ec172e0a2526fb28d0e24,True,2023-12-11 15:49:15.386549,1,100.0
0x130bab791b3455546f3260f2389b4641fa38308f,True,2023-12-11 15:49:15.386760,1,100.0
0xea1a3215703ce69c09ba0d997dbd149a3856f31d,True,2023-12-11 15:49:15.386951,1,100.0
0x3813532a7d5fdde68490b127a3651c4fcb0dce68,True,2023-12-11 15:49:15.387148,1,100.0
0x26386b1c1edb143b3f6274dd15ede9b47ec02e15,True,2023-12-11 15:49:15.390582,1,100.0
0x25801ab4181eebe233d0b795f95d135204abab79,True,2023-12-11 15:49:15.390892,1,100.0
0xedd84da61f7348510d9557c2f5067b460ef6588c,True,2023-12-11 15:49:15.391136,1,100.0
0x186fd6e1a5ab0b9924d6b42be54fb87313dc6deb,True,2023-12-11 15:49:15.394804,1,100.0
0xfa46f92c14965a5382c6313c4e081a59d688c374,True,2023-12-11 15:49:15.395103,1,100.0
0x3b0f605fcb0690458064c10346af0c5f6b7202a5,True,2023-12-11 15:49:15.395350,1,100.0
0x36768241e7ac4b34bdef0b05f91200336073b696,True,2023-12-11 15:49:15.395578,1,100.0
0x3bd5fd01af0dd17c540a5fc3133c595d4ce0f54b,True,2023-12-11 15:49:15.398979,1,100.0
0xe2eaab5494809098e58435407b6a4faf2a7641e7,True,2023-12-11 15:49:15.402650,1,100.0
0xd436e84aa0f07a5c2b2846f9a9c774f4b4b40a3a,True,2023-12-11 15:49:15.402969,1,100.0
0x5e098420cdb425f28a98851431478dd914a30ca5,True,2023-12-11 15:49:15.403208,1,100.0
0xec4252f2f1cc42a0c9e3cd166eca7b87c7b2237c,True,2023-12-11 15:49:15.403546,1,100.0
0xdc45ab0952759ef1be9153eafb347080ffb43a60,True,2023-12-11 15:49:15.407187,1,100.0
0xb5a562cb72c69cebb53db9b6301ca29b093aad49,True,2023-12-11 15:49:15.407520,1,100.0
0xc0e308c90170c8dadd74042cfebd2df0576dd684,True,2023-12-11 15:49:15.407772,1,100.0
0xbbe80a7a9403effe55798c29f2cb1590989fc285,True,2023-12-11 15:49:15.411731,1,100.0
0x6338a061206ee007c03e2865646826dc473eeb5c,True,2023-12-11 15:49:15.412171,1,100.0
0x8fa86fca874363852167f8c5525929c334e5ef92,True,2023-12-11 15:49:15.412562,1,100.0
0xfe38aaf4c8ac21620e35f0f233add086caf00b0a,True,2023-12-11 15:49:15.412948,1,100.0
0x04f105b02f7a151f60865631450f0caacf91d0c6,True,2023-12-11 15:49:15.416762,1,100.0
0xaa569056580e2f5e1e5ec6a16ac186a5aa56d6df,True,2023-12-11 15:49:15.417120,1,100.0
0xa7fc82678b86456d8c117c24f3b897bc1ee60b6d,True,2023-12-11 15:49:15.417377,1,100.0
0xcf2c8968cf302557466c363dd9683de99a7a61f9,True,2023-12-11 15:49:15.417650,1,100.0
0xa179ec8ae148d9df1742917008d09a46270facb2,True,2023-12-11 15:49:15.421104,1,100.0
0xd42c116c910a92b5c181c8f025f93cd864e7ebff,True,2023-12-11 15:49:15.421446,1,100.0
0x3e21a5622a277beb719e393db5b7f1c219a724fc,True,2023-12-11 15:49:15.425333,1,100.0
0xb335cc1333a386fa7a015b34151fb97a85cb9c56,True,2023-12-11 15:49:15.425711,1,100.0
0x45f86c7ce6761daf9006e6b0f81ff54800eef9b4,True,2023-12-11 15:49:15.426002,1,100.0
0x29e9ea451069de89676297fd2ca9cc381d4ff5f2,True,2023-12-11 15:49:15.426267,1,100.0
0x9ece0c0cbeb1e5c78af151a2b4757a718a65e697,True,2023-12-11 15:49:15.430022,1,100.0
0xeb737c09ef5f2be9eae7b6f283961d23f9abdd42,True,2023-12-11 15:49:15.430375,1,100.0
0x3efcca0dc7754f1bdfbd93ae705eaec18201a173,True,2023-12-11 15:49:15.430666,1,100.0
0x4010353a90c3f2838961ae18d84b08efde973e40,True,2023-12-11 15:49:15.434508,1,100.0
0xc3ba6bf1464d4e10ffd3ed8e01b38524520724a0,True,2023-12-11 15:49:15.434873,1,100.0
0xf7053ddf52432adcdf4eb1816e30215775eb04c7,True,2023-12-11 15:49:15.438344,1,100.0
0xfa13eea2b2eb62c449e06b753b686d240be216d0,True,2023-12-11 15:49:15.438703,1,100.0
0xfa07e9e6b1b484654300668b04bc83a67362d992,True,2023-12-11 15:49:15.442260,1,100.0
0xba7cbce8496693b4b3626bd87e32633d6ecfda73,True,2023-12-11 15:49:15.442609,1,100.0
0xed450c42345e173dd8398d53547aef6df77a2f31,True,2023-12-11 15:49:15.442907,1,100.0
0xf436a6ee8180527b3ebe63e63cf4751ee3dcd3f0,True,2023-12-11 15:49:15.443206,1,100.0
0x1465aeba10df7266db9d9ca8ab26268e107f11b6,True,2023-12-11 15:49:15.446905,1,100.0
0x447c8c4a2e9e825e1165bd0fcd129bdab1eaebe6,True,2023-12-11 15:49:15.447502,1,100.0
0x29154389fba54b321ebba377fae10d2e49f363f1,True,2023-12-11 15:49:15.447801,1,100.0
0x0c1f17564b01cbd02e9fd08217c3d930fd50a153,True,2023-12-11 15:49:15.451847,1,100.0
0x36be090a0e42753ec7fb753e26ee9362eafc8bd3,True,2023-12-11 15:49:15.452446,1,100.0
0x40acb684d607b677a365487c0658c80710699cf0,True,2023-12-11 15:49:15.456199,1,100.0
0x66559081ca17b64a99c2dd88aac5c529084305ed,True,2023-12-11 15:49:15.456587,1,100.0
0x93f1b1b3d39ca13b6c0e14664b84a66342bcbf57,True,2023-12-11 15:49:15.456904,1,100.0
0x164eea3f17ae631b77ff6d72aa1530724c09804d,True,2023-12-11 15:49:15.460596,1,100.0
0x749b13a6ac7d79ac4d381a8a46643c8ca90e61ff,True,2023-12-11 15:49:15.461016,1,100.0
0xe0caf7294568e3ae160e86821208ed43a64108ff,True,2023-12-11 15:49:15.464648,1,100.0
0x5f65a9a997c510218799857434e4e761ce460749,True,2023-12-11 15:49:15.468450,1,100.0
0x5afaaff39a2116974444cbcb7e67e9f2cdf8545c,True,2023-12-11 15:49:15.468869,1,100.0
0x5bcc89b863e7fa23768bcd48869c13d57e00bbfc,True,2023-12-11 15:49:15.469218,1,100.0
0xb7c2d4f289cde1419c810c6120d205ce4998c69e,True,2023-12-11 15:49:15.473006,1,100.0
0xa177ab577e9ac89121cd8770b516b696b5ee0410,True,2023-12-11 15:49:15.473449,1,100.0
0xc549189ebc5fea88c76d7e78da57094033cf300c,True,2023-12-11 15:49:15.473787,1,100.0
0x8dc18c6a8a0e358444380a359462063ecb221a9e,True,2023-12-11 15:49:15.477395,1,100.0
0xbeae8cd590c28f14e1947e757f753a534b8b423b,True,2023-12-11 15:49:15.481407,1,100.0
0xb58979d60830a557f9e4c6d5627983ef0e5d77e2,True,2023-12-11 15:49:15.481864,1,100.0
0xc78e41fffbfb93b4e67920dde1409fe43c69ac6a,True,2023-12-11 15:49:15.482237,1,100.0
0xe2792ccccf16752248c1cf0ee24b40a2941a941b,True,2023-12-11 15:49:15.485932,1,100.0
0x65d60aab2d891eb22f132b796aa099063f12506d,True,2023-12-11 15:49:15.486407,1,100.0
0xa8c8558c13767a037577af34bdb5ee9edd4610a1,True,2023-12-11 15:49:15.486764,1,100.0
0xb8abe71e735ae517efbc39a709d5a54293f6ba2c,True,2023-12-11 15:49:15.490905,1,100.0
0x90affa7a68edd189297809ee07ff7e2670db9b98,True,2023-12-11 15:49:15.491386,1,100.0
0xa890633a7f960adf7da744dd22d53483dea02f00,True,2023-12-11 15:49:15.491793,1,100.0
0xe1ba9248dd9f6631fa09ee65b53a669774d8fdb1,True,2023-12-11 15:49:15.495600,1,100.0
0x53ebdfc8bb0a0604ce16652109e54f09b5a5dd60,True,2023-12-11 15:49:15.499469,1,100.0
0xc04863f26dab1bb0d9ec35c793b01c6cc5e7a399,True,2023-12-11 15:49:15.499942,1,100.0
0xfdae643a257ec1e792d01ba164b52227dfc0a247,True,2023-12-11 15:49:15.500311,1,100.0
0xdfa6e59cde46431eb8f9919e1a537403d8999501,True,2023-12-11 15:49:15.500668,1,100.0
0x213dd207d0f4748bee8a3894ca794958caa4270a,True,2023-12-11 15:49:15.504343,1,100.0
0x4e86bef263647a066928acd80af3b78357fa0e53,True,2023-12-11 15:49:15.504787,1,100.0
0x5807a536ba7dae4ad22415bed539842ae7240bf0,True,2023-12-11 15:49:15.505153,1,100.0
0x8fb6032078976d8efcd0fcacd76ef1494545d4d8,True,2023-12-11 15:49:15.505518,1,100.0
0xfabb57f2ce0634030e792c5f4af8f2a760427325,True,2023-12-11 15:49:15.509371,1,100.0
0x3b84aebac1bcaccfe9e5015aaae56bc0bd3f05b1,True,2023-12-11 15:49:15.509814,1,100.0
0xa809b4e0e5a8b5299e2cc0bbb62122db6d4a461e,True,2023-12-11 15:49:15.510186,1,100.0
0x24f14985a0ec1af276b75b6a5c9ac12cafea3b78,True,2023-12-11 15:49:15.514036,1,100.0
0x2b322a19b876b7d8655499bb7ff51dabfb6aaa4c,True,2023-12-11 15:49:15.514471,1,100.0
0x49503464f828a28ddfe6ff1f63c6fe8bddb0cb24,True,2023-12-11 15:49:15.514862,1,100.0
0x39c782e75b6c84d95b02a851bfdff8c021c5fb94,True,2023-12-11 15:49:15.518785,1,100.0
0x30f8e2f99b2eed8be0c71a85f9a7bf37f59faaaa,True,2023-12-11 15:49:15.519284,1,100.0
0x7d52038a65b852ebf3fbd546db55929b562c9db0,True,2023-12-11 15:49:15.523015,1,100.0
0x6136bde491962611c0ec1a9d1703e89e7de227c1,True,2023-12-11 15:49:15.523491,1,100.0
0xb3969ab4d05b325f08ab863660151a8051948327,True,2023-12-11 15:49:15.523886,1,100.0
0x1af624b5e8bd096948f4d2db2ab3aa2483b8c77a,True,2023-12-11 15:49:15.524292,1,100.0
0x9d0fd580cb3def6090bbed7f20af45c5657394ff,True,2023-12-11 15:49:15.528187,1,100.0
0x40f401ead13eabe677324bf50605c68caabb22c7,True,2023-12-11 15:49:15.528655,1,100.0
0xb644c6af52567bca7fd2fe6638489553f4d09552,True,2023-12-11 15:49:15.529051,1,100.0
0xd1ddd368cf7edf3ba6ba77471905e323f64748e1,True,2023-12-11 15:49:15.529457,1,100.0
0xa1d94297ccee15b07887da10f6a2f9db2675e47f,True,2023-12-11 15:49:15.533303,1,100.0
0x191b0791ce7e4251b0a2f09771ccf2a4c27e0022,True,2023-12-11 15:49:15.537236,1,100.0
0x4f752badfe8358181036746dbcda8a9ec7ce3ad8,True,2023-12-11 15:49:15.537706,1,100.0
0xc5ea19783b09f931c27f988c10b4a2ea95d7f56c,True,2023-12-11 15:49:15.538083,1,100.0
0x8e549b4f3d7ce7345816c693a14e93161f624748,True,2023-12-11 15:49:15.538460,1,100.0
0x6a24eb4fcabb141150b619e0bcdcd11df34db32a,True,2023-12-11 15:49:15.538840,1,100.0
0x968bd47266335746466b82d416c2e13163978334,True,2023-12-11 15:49:15.539212,1,100.0
0x7348075e41e9eda1ba6614cf2c8dd8b398001aab,True,2023-12-11 15:49:15.543149,1,100.0
0x3e80bbf91bead11bd6f4428985071ff7f96e996c,True,2023-12-11 15:49:15.543667,1,100.0
0x615f1190e10884f784418906b2f696b67aa88165,True,2023-12-11 15:49:15.547344,1,100.0
0x9d7baad61ceb8833fb4b38017d3ee9e0d55423a8,True,2023-12-11 15:49:15.547801,1,100.0
0x1a8cf49c58ee07894f52a0bc54d5d124ee5698ee,True,2023-12-11 15:49:15.548202,1,100.0
0xd0b53638e248ba6316d6db0aad5b5c79a14e89ca,True,2023-12-11 15:49:15.548642,1,100.0
0xe8f542225b0144a9ca1e1258f8df140c1f57717e,True,2023-12-11 15:49:15.549038,1,100.0
0x0dd2f8799502864cf452abab014dd299c28808e0,True,2023-12-11 15:49:15.553077,1,100.0
0xce9d07bd2fe0426e753de9af8ca619f583457e12,True,2023-12-11 15:49:15.553550,1,100.0
0x63646e28c778c228ee2373489088e099d2ca74c8,True,2023-12-11 15:49:15.553975,1,100.0
0xc57d2c47597ee919e84fec16c9a37420424436b9,True,2023-12-11 15:49:15.554381,1,100.0
0x7cb3f0e0ca0b12a1c6546b742300dce6b3668685,True,2023-12-11 15:49:15.554785,1,100.0
0xfdf7dc57b596d7da1e3f4294cffe080ffbda530c,True,2023-12-11 15:49:15.562398,1,100.0
0xfde61609a0aee8d5755c9dd81b1a3e54b47f42f8,True,2023-12-11 15:49:15.562908,1,100.0
0x6eed698db85525ff6b11787be781de77cbd970b6,True,2023-12-11 15:49:15.563365,1,100.0
0x20528c985f30fcb5ea57e0775eff0b47ed949411,True,2023-12-11 15:49:15.563785,1,100.0
0xa235f5712c357adca51fc69123dd491946c9ef8e,True,2023-12-11 15:49:15.564195,1,100.0
0x1a62d8f662648dc9f7d475b5b53462cf0dcbbdec,True,2023-12-11 15:49:15.564625,1,100.0
0xede79cda97e38d4e3d8cc03fa857d37cc944483c,True,2023-12-11 15:49:15.565048,1,100.0
0x38316707ef93b7e3b451720f8fc6743d0bb5cbe7,True,2023-12-11 15:49:15.569058,1,100.0
0x63652e18e0270d3d8488940d44262b75c33780fd,True,2023-12-11 15:49:15.569606,1,100.0
0xc9665478160b793517c677e4990be63abafdb917,True,2023-12-11 15:49:15.570055,1,100.0
0x2f84f5c001e7987a91f4318ee0e5792c2c34f122,True,2023-12-11 15:49:15.570473,1,100.0
0xeeae462501e792db50730780684ce729351c0fa7,True,2023-12-11 15:49:15.570920,1,100.0
0x645fcdc5fa0b137bcc1196e1e39d382d25281382,True,2023-12-11 15:49:15.574636,1,100.0
0xac8d393819c4149e6d92e848ba73b072f93ec70b,True,2023-12-11 15:49:15.575120,1,100.0
0xfedad4a002d53a61b3049f164ec2e9a8f788485b,True,2023-12-11 15:49:15.575550,1,100.0
0x2c683bc0c7662fdae6320ec1e68a35167ecfda7c,True,2023-12-11 15:49:15.576020,1,100.0
0x5595546699e894cf077685a20f3ff214a217b950,True,2023-12-11 15:49:15.580039,1,100.0
0xb8a33b32ccd8099018211fd8ce15ee8d2b4d5bfd,True,2023-12-11 15:49:15.580582,1,100.0
0xc82921d63291ef88d754857b9721ef526e5c97c7,True,2023-12-11 15:49:15.581052,1,100.0
0x5ae25a3b1a68a9473d7123d3089c36395a7cd244,True,2023-12-11 15:49:15.581497,1,100.0
0xa8f39521a55d64e0f9b63db64ad81e4ce414fc0b,True,2023-12-11 15:49:15.581937,1,100.0
0x51fb0db558d9c50cae94cbbeeec4a9e55898886f,True,2023-12-11 15:49:15.586144,1,100.0
0xa9834db6709d08daabe62b1bc0b58d7923d13b17,True,2023-12-11 15:49:15.586661,1,100.0
0x9f6e21379ea2df4bc5912c3d18931f303849b1f8,True,2023-12-11 15:49:15.587153,1,100.0
0x964cffd7f02044e66d60f00c95adc122a7545309,True,2023-12-11 15:49:15.587639,1,100.0
0x2d41d3f3aff5c834db6681c3782ddbdcb0c3ff1a,True,2023-12-11 15:49:15.591587,1,100.0
0x1371e45b1037460b17892635e2870cfe84c4545f,True,2023-12-11 15:49:15.595585,1,100.0
0x0bdc7bb49d0b43b0636d8d3aab90f1ea77142ffa,True,2023-12-11 15:49:15.596140,1,100.0
0x7b5c08bed24ee3b1cdaff6e70c0a43ceca93ad2e,True,2023-12-11 15:49:15.600078,1,100.0
0x207cdcbedff3245a3f959da4bb9a6ff322d91cae,True,2023-12-11 15:49:15.600671,1,100.0
0x140c9fcdf8ce0a50a083cfd33148cdaaddfa4d84,True,2023-12-11 15:49:15.601171,1,100.0
0xde035d77a486e00e8085b1f01cd4771df2ec8149,True,2023-12-11 15:49:15.605210,1,100.0
0xa6dd5757ceda67a9d022ca1f376e241e4af3ea48,True,2023-12-11 15:49:15.605747,1,100.0
0x8842512ef4c35aba2ff2883d766c3382c50de990,True,2023-12-11 15:49:15.606411,1,100.0
0xb523af9417d5e41a017d15da9179af820a515279,True,2023-12-11 15:49:15.610543,1,100.0
0xb69f32f6d97a8e19eb2af357b43914b721d5b583,True,2023-12-11 15:49:15.611122,1,100.0
0x5c5ad2578224e502d6e185e2c6afb3cbc88210e1,True,2023-12-11 15:49:15.615138,1,100.0
0x8e82f876049c1400ace63d2bfaa8a6a4127cac40,True,2023-12-11 15:49:15.615701,1,100.0
0xe93384b1a42231e7e6ac841a25f969253b181cb0,True,2023-12-11 15:49:15.619584,1,100.0
0xe4c71cf29430a30136729991ff555f8cd5b85bdc,True,2023-12-11 15:49:15.620155,1,100.0
0x7ba0208dd40d191694fa217bb4c46d7a284c6a96,True,2023-12-11 15:49:15.620640,1,100.0
0x677c5476f3b0e1f03d5c3abd2e2e2231e36fddde,True,2023-12-11 15:49:15.624604,1,100.0
0x58ce7c7b7d2c700ee8938775db2f4cb0d2b85fc6,True,2023-12-11 15:49:15.625166,1,100.0
0x9d1b9c222618d4617206d6e2524a82f5a543e315,True,2023-12-11 15:49:15.625658,1,100.0
0xed2cf242e26969f97f3c7f6ca76b81a8924aeccd,True,2023-12-11 15:49:15.626132,1,100.0
0x74dbfed00526963b7876b625b3aad41a64e21d88,True,2023-12-11 15:49:15.630100,1,100.0
0xfeb0f51f9757e30676cd8e4132dcb4324179bc7b,True,2023-12-11 15:49:15.630655,1,100.0
0xea60605b04e290b112e1a9ab8545a179c960caae,True,2023-12-11 15:49:15.631130,1,100.0
0x7ad8ce2f95f69be197d136e308303d2395e68379,True,2023-12-11 15:49:15.635038,1,100.0
0xcba063e16259b8d7df197ca57b41d737d1c4812f,True,2023-12-11 15:49:15.635653,1,100.0
0xaa97fe014fc7b06947e94fe6253a4d9e80593d5c,True,2023-12-11 15:49:15.636179,1,100.0
0x75220e506f7b939e471c9b433d8b34f3dd47b856,True,2023-12-11 15:49:15.640225,1,100.0
0x071803f3e8dd646e15b02cced971a6e183ff2de1,True,2023-12-11 15:49:15.640776,1,100.0
0xd290823761d08c7e6f2cb58989e3fe4973423c32,True,2023-12-11 15:49:15.641278,1,100.0
0x66832a7db92bc1dba480463c55481e80567fa2c0,True,2023-12-11 15:49:15.645419,1,100.0
0xceadb522daf47d71e7243530519e5d90e187ac08,True,2023-12-11 15:49:15.646016,1,100.0
0x42558b3c3bb4726d678920247ede7f7d911f4f76,True,2023-12-11 15:49:15.646524,1,100.0
0x947129411e627724f241ab05718f95902e3bedaa,True,2023-12-11 15:49:15.647040,1,100.0
0x22d7a1b7df051e9bdd1c6ca978e89ef368705e08,True,2023-12-11 15:49:15.650988,1,100.0
0x0114c52a6d156dd1d417d1921ba17cb93f1417f7,True,2023-12-11 15:49:15.651679,1,100.0
0x3c605984250d752adf34a072f2354b2ce23af7fa,True,2023-12-11 15:49:15.652236,1,100.0
0x39e889c1f1861eadbb1f001398be2c7b7499aebe,True,2023-12-11 15:49:15.652763,1,100.0
0xdb2488e09700259ff2513fc3ea2bb64f03c5ce20,True,2023-12-11 15:49:15.660485,1,100.0
0x01cdbe15de5c4b2ad0cfb0b8fccb66fc23251af9,True,2023-12-11 15:49:15.661114,1,100.0
0x4bd46f8e1ed87dbfafae9293ef2aeff1fe2818a1,True,2023-12-11 15:49:15.661639,1,100.0
0x4d818690cf1617c0590875623b2f957fb10e2d06,True,2023-12-11 15:49:15.665667,1,100.0
0x653bc8451669fb5762780a0cf664671a591a5132,True,2023-12-11 15:49:15.669722,1,100.0
0x0bd56a416463d467e4e79dcf72f81b4e9ffcb924,True,2023-12-11 15:49:15.670357,1,100.0
0x8eb2cde4ff3989dc06ffb6142ec47335266156a3,True,2023-12-11 15:49:15.674589,1,100.0
0xc408e38e1f0c8f133943e53f7db6380d156eb76a,True,2023-12-11 15:49:15.678991,1,100.0
0xd5b741d7933630750581229f3a8c614dfe9221b8,True,2023-12-11 15:49:15.679593,1,100.0
0x4875d50d4306ff2bc9e2f9c438fe5ed67d891468,True,2023-12-11 15:49:15.680124,1,100.0
0xea12d875324c2437e1c2453a131ab29dfcb00664,True,2023-12-11 15:49:15.680644,1,100.0
0x0510c7a6a79090b78d7f7dfa57075898f8a1a205,True,2023-12-11 15:49:15.684538,1,100.0
0xb2dcd2925aef3fbad821951ba40b6ab98067db2e,True,2023-12-11 15:49:15.685118,1,100.0
0x181bbc404528fc44e883226d9653a27f5fc3fe5a,True,2023-12-11 15:49:15.685650,1,100.0
0x3f661d165ea2a6ed0082bb68a2a8452014c86176,True,2023-12-11 15:49:15.686209,1,100.0
0x4767eb370b52c1aa761cc7f38b9f5181433df11f,True,2023-12-11 15:49:15.686746,1,100.0
0x9c64841632ab57b6b09cf0782144939da6de6541,True,2023-12-11 15:49:15.690979,1,100.0
0xba668351c1f03b59cb010ebe168f014f61f9e601,True,2023-12-11 15:49:15.691601,1,100.0
0x3f1f106429777565eb33c0e46b97162952fabb05,True,2023-12-11 15:49:15.692478,1,100.0
0xdb3a6afe28a979fea8e774d916dc9e030ccf5431,True,2023-12-11 15:49:15.696650,1,100.0
0xbd2a87068e56487f4abb897208cb524d0706bde9,True,2023-12-11 15:49:15.701017,1,100.0
0xb023335e57c14653e66011f7276488bb7456c429,True,2023-12-11 15:49:15.701682,1,100.0
0x1c78d70fd673cfb863be808a5087fe6c2bfd3ed6,True,2023-12-11 15:49:15.702240,1,100.0
0x7d4db5d9979acc0559125d176836bbdb72805015,True,2023-12-11 15:49:15.706540,1,100.0
0x82cf3d0472d270fab96e7a061f343b79fee4e480,True,2023-12-11 15:49:15.707187,1,100.0
0x08600e47055fdb0fdc047db8de08c53f3ed805c1,True,2023-12-11 15:49:15.707746,1,100.0
0x65104de45912026948793919c40a6df7a280b6ae,True,2023-12-11 15:49:15.711969,1,100.0
0xc42ff5c58db129494630766b63a666e60fcba210,True,2023-12-11 15:49:15.712613,1,100.0
0x643e64b23afd2b597565ac3007270ba5941a37c4,True,2023-12-11 15:49:15.716081,1,100.0
0x1ccd42dc38f9043a09a066ee570c422dc88d0278,True,2023-12-11 15:49:15.716769,1,100.0
0x4de18f2d4ddcd38c91a6bce1f822824b2400a38f,True,2023-12-11 15:49:15.717369,1,100.0
0x38af872142021660a9050e0ae5cc6257130fd5e1,True,2023-12-11 15:49:15.721764,1,100.0
0xc4bc7aa95302f14bc61424959961aad82034962d,True,2023-12-11 15:49:15.722432,1,100.0
0x3ad4ac6e827967675c1c0eee3596876dd292fb47,True,2023-12-11 15:49:15.723027,1,100.0
0x37efed8297d91666bc66dd4c1a1ca523562bbf3d,True,2023-12-11 15:49:15.727526,1,100.0
0x5a8fc1709f3710050326b0d1c27ba3836fd931f8,True,2023-12-11 15:49:15.732404,1,100.0
0x791e98fe1604773949d93cdf4ccd1fd3c2eec4a6,True,2023-12-11 15:49:15.737094,1,100.0
0x18a0d029598e720de221dd4b4917c28e09978fcf,True,2023-12-11 15:49:15.737713,1,100.0
0x4d2b1bbd7715b31bac0b50c356eaf8d1dac3ee72,True,2023-12-11 15:49:15.747522,1,100.0
0x4df3755a3df208e3c4285024fbc476a686593fe6,True,2023-12-11 15:49:15.748212,1,100.0
0xdd8bbb6a0734d452be3225dabb42f23aaae7b9eb,True,2023-12-11 15:49:15.757057,1,100.0
0x8f3e710b47ce77d380f011ed331485b3e739f365,True,2023-12-11 15:49:15.757829,1,100.0
0x88589cc42dcfec73db0fd216d237ce51fa46f06a,True,2023-12-11 15:49:15.758479,1,100.0
0xbbfbe09f4bbd0b334f98b0ba8c3c8e79ac46c47e,True,2023-12-11 15:49:15.763102,1,100.0
0x08066a52c22c9cb57fd1a8226eb4755f5f78e3d8,True,2023-12-11 15:49:15.763855,1,100.0
0xb20235f5d89f229031fc4c060d58526168451fa4,True,2023-12-11 15:49:15.772048,1,100.0
0x28cc45976503781625a21b564b476ba8df930d64,True,2023-12-11 15:49:15.772744,1,100.0
0xdbf72b2e37ae26a71f951b89c4232d833e58703e,True,2023-12-11 15:49:15.773346,1,100.0
0x590a7ff861cf33b39efa4ce30d790e8db2831937,True,2023-12-11 15:49:15.777868,1,100.0
0x3a21c608925ddbc745afab6375d1f5e77283538e,True,2023-12-11 15:49:15.782698,1,100.0
0xcd87f2f40a5ed9a4af5039f63c5f100c24b2ee7f,True,2023-12-11 15:49:15.787659,1,100.0
0x5e3687964699752bc460c1ef1ac5de9fb3fcdaee,True,2023-12-11 15:49:15.792155,1,100.0
0x8dd712cbf4051a35eb992a66af19dcc1317084a6,True,2023-12-11 15:49:15.796717,1,100.0
0x541c928a0cba9664d1280af92f27397430692c99,True,2023-12-11 15:49:15.797445,1,100.0
0x1b1d1b53c5ac01ae6fb44867aace3877522b7125,True,2023-12-11 15:49:15.801738,1,100.0
0x59bf3f0eed5a32cf3f3a8f107e084769c2aa7a35,True,2023-12-11 15:49:15.802470,1,100.0
0x379c1f8c7f55929c7e5c491b08894159b8c96f15,True,2023-12-11 15:49:15.806987,1,100.0
0x3d34d91eb4ab14b9f4fd8ac8985f82cc9eb28a92,True,2023-12-11 15:49:15.807733,1,100.0
0x1276406ab9995a45b2a522bcbda094ea35b8bec1,True,2023-12-11 15:49:15.812322,1,100.0
0x702d6288c5cfec2b303f15059db5248362c54b75,True,2023-12-11 15:49:15.820519,1,100.0
0x1e48d0c032ca52e4ee99723c287daf702cd25bc8,True,2023-12-11 15:49:15.825044,1,100.0
0xad35a7d5d3d5fd5228713b9db26851ad727d03ff,True,2023-12-11 15:49:15.833358,1,100.0
0xf8155f6bed58af5e4093d38cf68066e3f47460e2,True,2023-12-11 15:49:15.841897,1,100.0
0x7d529a5b0b58400d09154b47d94ee022ba7658cc,True,2023-12-11 15:49:15.842711,1,100.0
0xe4ceb5c17ce7f974a62354eaf5ee56f973034bbd,True,2023-12-11 15:49:15.850638,1,100.0
0xfef860294c495d26ac30d499f7344a50feed066a,True,2023-12-11 15:49:15.855551,1,100.0
0xb03cabfbcbaa609d08066fcb7bbd297a2251db2f,True,2023-12-11 15:49:15.860461,1,100.0
0x09a3a029f4681d276551c47c3def23b6e7c83d2a,True,2023-12-11 15:49:15.861246,1,100.0
0x3d3cfcdf22a9f9da318113a61a4c7db897c0dd6b,True,2023-12-11 15:49:15.865723,1,100.0
0x9bed88b3bac02c4ebcf478229920ae8fa0d9987f,True,2023-12-11 15:49:15.866498,1,100.0
0x980d28334ae489f7c17370650fb5b9dde25fe8e2,True,2023-12-11 15:49:15.867217,1,100.0
0x6896df03a860dc519a53a4b59d2c8d23d2c0df48,True,2023-12-11 15:49:15.867904,1,100.0
0x28c7f1538ca632d069125af10f9a39c78f5b8531,True,2023-12-11 15:49:15.872411,1,100.0
0x4fc39cd82421a997d481801a23de6453b83f5793,True,2023-12-11 15:49:15.873169,1,100.0
0xdf995bc4d4ea197eefdfae6f28d6e51d83c1f249,True,2023-12-11 15:49:15.877501,1,100.0
0x3e0a2855d92b90265888d90b0db4163c0c1f0474,True,2023-12-11 15:49:15.882156,1,100.0
0x6ced9a645b805fd027a5463187d506eff4b0a57d,True,2023-12-11 15:49:15.890432,1,100.0
0x12095fc47688209021962424bc007e6a229c1ea7,True,2023-12-11 15:49:15.895258,1,100.0
0xde3c49d96f5c0e3859956c69e21fa69814833b57,True,2023-12-11 15:49:15.900449,1,100.0
0x7e1331b0dd0fd198e9d73f3839988f0f358449be,True,2023-12-11 15:49:15.901261,1,100.0
0x37792f405c68a2bcee144cc9b6b5f3efabd3984d,True,2023-12-11 15:49:15.906076,1,100.0
0xb8274964dc9e13af32e881640388ae2d44d23b33,True,2023-12-11 15:49:15.906896,1,100.0
0x04d2fb2473b996df18f194ab6b2e17c3d5a15631,True,2023-12-11 15:49:15.911913,1,100.0
0x0d30e3749718331683542d2e521f6a2d15ba27dc,True,2023-12-11 15:49:15.920923,1,100.0
0x9224eef48e626629a1f6f0d0f757b5a69bcebb3f,True,2023-12-11 15:49:15.926142,1,100.0
0xcfd951a32a77e31e0c7ba85638c828a2ef4342cd,True,2023-12-11 15:49:15.931002,1,100.0
0x5396390b7e8cf1968ed7a2b778012bb3e90f7c24,True,2023-12-11 15:49:15.951031,1,100.0
0x7d9dc9276cec3e1b751013c31001e131c4e9c9d0,True,2023-12-11 15:49:15.955874,1,100.0
0xc770f90ef7e7f2d463ab2d298a8c2345424fe88b,True,2023-12-11 15:49:15.956751,1,100.0
0x5a909d6d130e399a1a5c42ccf98703a5f1c6ce23,True,2023-12-11 15:49:15.957817,1,100.0
0xe1391a3bcc561a7f7d56aa7a3fec63f4f27cc019,True,2023-12-11 15:49:15.962569,1,100.0
0xa9c65a8e975d5b2590c9bbb3a872530679d925ac,True,2023-12-11 15:49:15.967475,1,100.0
0x16b2b962ba8a8cdeb7849323de29f6a0162c90a1,True,2023-12-11 15:49:15.976062,1,100.0
0xbda981482cca2db5b8c2e50dfb3273055ab51399,True,2023-12-11 15:49:15.992169,1,100.0
0xe5435d0c42583cfb5d7d5843c4832474de4376fb,True,2023-12-11 15:49:15.997104,1,100.0
0x2082afa0d40610371d6f4e465d8cc70a67fa7903,True,2023-12-11 15:49:16.009701,1,100.0
0x8499751232383cc45f542473e47b42ae9d3c14d9,True,2023-12-11 15:49:16.010524,1,100.0
0x779d63506b0086c9f51ffc426c58a923d1e5a088,True,2023-12-11 15:49:16.015139,1,100.0
0xc8eb678ba29480dbf6d3cb58398e592024a29a7e,True,2023-12-11 15:49:16.015935,1,100.0
0x6400d65ce8ab151efc1a0ea620a8dead4d0ec460,True,2023-12-11 15:49:16.020655,1,100.0
0x29e11190818bc4f5f9cf70632262441cb4e03491,True,2023-12-11 15:49:16.021455,1,100.0
0xea91509eeb583f4d32b61f698ac8aee7aca5cae0,True,2023-12-11 15:49:16.029710,1,100.0
0x1eb4d527fb34a1d480be849c1a8d1e8b33287db4,True,2023-12-11 15:49:16.034503,1,100.0
0x777c529c64414f2c045b8c10f9722092d276a6b1,True,2023-12-11 15:49:16.039174,1,100.0
0x06c03165aaa676680b9d02c1f3ee846c3806fec7,True,2023-12-11 15:49:16.039983,1,100.0
0xc8adc7f385987b0776abeb9a96137ab961b433d8,True,2023-12-11 15:49:16.048190,1,100.0
0x69198c52b82b210c69374d8a5f5073bbab40dadf,True,2023-12-11 15:49:16.049049,1,100.0
0x216795542a5a344599e3a44c7ff895a55665edb0,True,2023-12-11 15:49:16.049817,1,100.0
0xaaaf5c9308d90f5ca8d66961a63310905f056f7f,True,2023-12-11 15:49:16.058671,1,100.0
0xf460871f1741dd2eebfa115c3ddd8a1aaa7fa914,True,2023-12-11 15:49:16.067157,1,100.0
0xec8f081f545c207e6d19c2cca4d37893952fb0cd,True,2023-12-11 15:49:16.075548,1,100.0
0xb3a20a860f85f309dd306df43ded19e1730a6008,True,2023-12-11 15:49:16.083852,1,100.0
0x653d07e76fb316886ea2789c2159c7c1138e723a,True,2023-12-11 15:49:16.084693,1,100.0
0x32aae81b52d834cd39fa1925c2b0640ca46cd5fb,True,2023-12-11 15:49:16.089435,1,100.0
0x2aa2c46ab64649723be885e6a4ea6920b602268f,True,2023-12-11 15:49:16.090261,1,100.0
0xb8e29e760b892ab2ad203a444de0b0b1f2e1ab53,True,2023-12-11 15:49:16.098915,1,100.0
0x2f058c248943d6c3f5bb383a22198d28785db3b0,True,2023-12-11 15:49:16.099771,1,100.0
0xc45b67ef0cd4424feab4a44cec5e08829fdc33e7,True,2023-12-11 15:49:16.104418,1,100.0
0x7d898511b971e4f18028053f226e2c24ef706847,True,2023-12-11 15:49:16.113160,1,100.0
0x63b0099b48dfac1166d3ceb9b9f91d42813b9ed2,True,2023-12-11 15:49:16.114027,1,100.0
0x8645cb8840718c66a682053f437dba849db08088,True,2023-12-11 15:49:16.119384,1,100.0
0xcacfa51b586d4b4a024c2e205106fda2f1255bbf,True,2023-12-11 15:49:16.120279,1,100.0
0xb0a0d851186e29e8bf2f2a7277ed43d9a3cf17fa,True,2023-12-11 15:49:16.125070,1,100.0
0x577a24def79fc043f76373a5ff5cfb61e2360e2b,True,2023-12-11 15:49:16.125945,1,100.0
0x64bbb7180445eda03db32131c28386995b3b5ccd,True,2023-12-11 15:49:16.130737,1,100.0
0x81dcac47ad1dd72d029fe7fec0033b0c00a845a2,True,2023-12-11 15:49:16.135578,1,100.0
0x6d3bf1ff367a7cf907c028c231223d503dd1aa80,True,2023-12-11 15:49:16.136441,1,100.0
0x2cec1e3d2901b9ba25808ae448a43e8e12e64dc2,True,2023-12-11 15:49:16.137231,1,100.0
0xd28bc404c8ba61a9c10a950e36d66081bb3ff0ad,True,2023-12-11 15:49:16.138001,1,100.0
0xc82114e2d46c4dec54097b3897444aadb785411a,True,2023-12-11 15:49:16.142844,1,100.0
0x0d2e6c96b8722b0d630025fad23b73462285b9cb,True,2023-12-11 15:49:16.143775,1,100.0
0x7cdb7a7fd1760568ad5ad2ddd63f3719063a671b,True,2023-12-11 15:49:16.144574,1,100.0
0xf7d052a821f54c7a3b0f1f4e18cac8cb0c46e362,True,2023-12-11 15:49:16.145347,1,100.0
0x40d1f3ea85bdd032ae7a50e7f5c8d0994727e88c,True,2023-12-11 15:49:16.146112,1,100.0
0x3a8b2d7d1a8994a60e928f963fb5daedcecca509,True,2023-12-11 15:49:16.150907,1,100.0
0xb20df48c215ac36ac9fad4a7b8a92f74e611ef4c,True,2023-12-11 15:49:16.151752,1,100.0
0xcf52fb6760950ae4235129d65b4fd5f9debe9253,True,2023-12-11 15:49:16.152555,1,100.0
0x6395bad08d436e8d968e76e771dc291097210091,True,2023-12-11 15:49:16.157145,1,100.0
0x59ae89e93341003b73ba38f5afde411db144022a,True,2023-12-11 15:49:16.158027,1,100.0
0xa816624d0c4e19576909d65a93671d906c2c3b30,True,2023-12-11 15:49:16.158863,1,100.0
0x24280e2e18800d9920755a61910569fa237cd33b,True,2023-12-11 15:49:16.163710,1,100.0
0x18bc69f6c71f550d43d33cd94c14ebb6eb0a5e86,True,2023-12-11 15:49:16.168689,1,100.0
0x1c872bd7254c8690caf97dd007c01005783f560b,True,2023-12-11 15:49:16.173372,1,100.0
0xc387b98cd14b8d513095efef7c9a664dd82d3609,True,2023-12-11 15:49:16.178563,1,100.0
0xab6fee48adacb3923dc50a8dc3cd0deddc0b2fa9,True,2023-12-11 15:49:16.182833,1,100.0
0x78f8ea1cf23007ff3b80fa077492bc87abb84bbf,True,2023-12-11 15:49:16.183775,1,100.0
0x5424f1347d4a87195937a9faf0e6475f564701d9,True,2023-12-11 15:49:16.188739,1,100.0
0xc9bb58f061705b2c47ca980ef140f81267892706,True,2023-12-11 15:49:16.189642,1,100.0
0xc1eb06b9e58632f408e7dc675bb93927faa3e5a5,True,2023-12-11 15:49:16.190449,1,100.0
0x7764ad47b9ade4bf9a706739a8ea55f2956d3c94,True,2023-12-11 15:49:16.195439,1,100.0
0x7ab07e30a377a8f74225445b7e913e366d38b584,True,2023-12-11 15:49:16.199888,1,100.0
0xc6e73b4b6eed41f07f7d899ca4f095c9be450266,True,2023-12-11 15:49:16.200693,1,100.0
0xfc48db6861e625924c2952f30ed5e81d9c11416a,True,2023-12-11 15:49:16.201498,1,100.0
0xcfc6660840fbd02d412abd69f724381d352bdd8a,True,2023-12-11 15:49:16.205501,1,100.0
0x3a8c4e8b0e877882394a1acaf816c2184e0a619e,True,2023-12-11 15:49:16.206341,1,100.0
0xb5fd8518c3440c7ff3995f3af5fd8074468ae026,True,2023-12-11 15:49:16.207140,1,100.0
0x86432cc6a3e50c49aeeb426bb53094e088ef3c49,True,2023-12-11 15:49:16.213914,1,100.0
0x7be5a4f0f24dd70bdd6ddfd116694092805e9bab,True,2023-12-11 15:49:16.214740,1,100.0
0x0e2299feec5ede069a1a461158598cf833938624,True,2023-12-11 15:49:16.215548,1,100.0
0xcec88485339e8739a4bc73c1ab7552f370b61fde,True,2023-12-11 15:49:16.219375,1,100.0
0xa1ffe6092307196a9b9a10afb0f1af879d167df0,True,2023-12-11 15:49:16.223296,1,100.0
0xcce05574363b286c940e082b5bd0366e7000dac0,True,2023-12-11 15:49:16.230318,1,100.0
0x60340375681ade40cacf5a0d2c7a3f488208af94,True,2023-12-11 15:49:16.234261,1,100.0
0x13303d756bf650d082a69f84774ab92e086973dd,True,2023-12-11 15:49:16.238315,1,100.0
0xbfd82b38c46078b0259c4597ea396a5b948da72c,True,2023-12-11 15:49:16.239202,1,100.0
0x928695003f7811d2192766ecac89cf1cdb33e880,True,2023-12-11 15:49:16.247274,1,100.0
0xbe5310d71a49f6a18aba7aee670db01330f3a96a,True,2023-12-11 15:49:16.248336,1,100.0
0x87695c81b479e7db42e1c4c17133601f8d1555cd,True,2023-12-11 15:49:16.253095,1,100.0
0x2962a98e3db276d113e833c02a33d1a9318c3b39,True,2023-12-11 15:49:16.257475,1,100.0
0xd6b377d22cd765a6d6d3ab3fcb4b18dfcba19b63,True,2023-12-11 15:49:16.258410,1,100.0
0x7e75acd769e0c8f75e1938f27a15f5e7e5f9d079,True,2023-12-11 15:49:16.268968,1,100.0
0x2314c300edb26e8eaf5fb662fb0fc5937b72b5a2,True,2023-12-11 15:49:16.269942,1,100.0
0x9c6e537da7ab2ec784ddd3af900af2d9f7695554,True,2023-12-11 15:49:16.274154,1,100.0
0x691a7692dc0f64b6de45af94db715e474b271b19,True,2023-12-11 15:49:16.275072,1,100.0
0xaa3d27e50ef07817dd4781f455b933543761175f,True,2023-12-11 15:49:16.279195,1,100.0
0x7f16aedea2d3acc9dd90930d424a23acd6b7784b,True,2023-12-11 15:49:16.280220,1,100.0
0x2f45e7f2e915dc8aa3aa4e1afc6dcfb58f82d8b0,True,2023-12-11 15:49:16.281312,1,100.0
0x62a19bb097f6d193b35c1ff6b1e1a5d75f7000d4,True,2023-12-11 15:49:16.288750,1,100.0
0x0a907b66dab0bbcaa2e88a0aa64e698879cbd212,True,2023-12-11 15:49:16.296129,1,100.0
0xc8bde55e96fd229dc244cbe2a008ef0498ee9e0c,True,2023-12-11 15:49:16.300353,1,100.0
0x67a3d7e98c9c63b0940550524b10a0043aae5e50,True,2023-12-11 15:49:16.304496,1,100.0
0x2c8db38ddbfa226d18c5d88852b78d5427d98196,True,2023-12-11 15:49:16.305491,1,100.0
0xdaf5bfbb47941bb92df00be0772bdebccbb3c5d1,True,2023-12-11 15:49:16.309610,1,100.0
0xe02df68349af1e9fad0b252265c5bf10405374d9,True,2023-12-11 15:49:16.323263,1,100.0
0xd79f83f1108d1fcbe0cf57e13b452305eb38a325,True,2023-12-11 15:49:16.324296,1,100.0
0xb2c32d5194990fefaf3b76a541983e8d5edd5aa8,True,2023-12-11 15:49:16.331498,1,100.0
0x9f3aac3d57fb722a5632d3ccd3303c281f699876,True,2023-12-11 15:49:16.335567,1,100.0
0x0cc4e9718d38c94e2c057dbe78e12b0648534167,True,2023-12-11 15:49:16.342935,1,100.0
0x7e8588c9ff18840f69a5d98ee38ab4b9f6114bcd,True,2023-12-11 15:49:16.350191,1,100.0
0xac7b8d47107933fb3108b606f5299b742bdc2d6d,True,2023-12-11 15:49:16.354355,1,100.0
0x98730f729471410db10f4d4951fb9f7c35aaac70,True,2023-12-11 15:49:16.367541,1,100.0
0xbe6d76e6bfd8bc0800b628db3cb236609ac1bd0b,True,2023-12-11 15:49:16.368573,1,100.0
0x9ef920e37c5b4f05c22d3eb2116e818664c4afc4,True,2023-12-11 15:49:16.372764,1,100.0
0x4e8af2c19d4e7734f3410c04246d497074894534,True,2023-12-11 15:49:16.376795,1,100.0
0xf2897a1e48f44f9ee00dac3958ff2c0c2134381a,True,2023-12-11 15:49:16.387080,1,100.0
0x79eae034bbdf8ec79f16ca3fdd05930c49f6334c,True,2023-12-11 15:49:16.388192,1,100.0
0xaa448ba67741c3981c6a66e8baba56663c37c5e1,True,2023-12-11 15:49:16.395502,1,100.0
0x29c44289f6e36eeb377898ee6633aa9adb81793c,True,2023-12-11 15:49:16.399779,1,100.0
0x94b2d35ed2991d0e65b76a3d16337c399aad1752,True,2023-12-11 15:49:16.406971,1,100.0
0x96c72289067578c852957d20acb35c8d7c2a0003,True,2023-12-11 15:49:16.425430,1,100.0
0x6e12c2ba59dba2025ca999c036360197bc47516b,True,2023-12-11 15:49:16.430172,1,100.0
0x87b5380a518b9d26cd4bc68d3cd03b87be760392,True,2023-12-11 15:49:16.453893,1,100.0
0xa961f5bba56742e82b4e0c894204c226c0647525,True,2023-12-11 15:49:16.455082,1,100.0
0x2fad82d26092d625c0837da738777f6444628b72,True,2023-12-11 15:49:16.459352,1,100.0
0xe9f1c09b62da7992ddcabbf269758604b9181d07,True,2023-12-11 15:49:16.460414,1,100.0
0x5fc0843b523379afe375dfe5fdcaed80826aefd9,True,2023-12-11 15:49:16.464770,1,100.0
0x2b31cdeb3378eed6d5c7563a0712abe6f8cbfb3b,True,2023-12-11 15:49:16.469144,1,100.0
0x90da3b6d58eb42c2172acfa0250f3e3b09c3e8de,True,2023-12-11 15:49:16.470239,1,100.0
0x864f72bc3b9414931526c4d8f1bda8226771a83e,True,2023-12-11 15:49:16.471313,1,100.0
0xe330e96e8fd73407eb9864d521f62bd66d3b8de1,True,2023-12-11 15:49:16.472304,1,100.0
0xc38d86447e4b22b4a0c70be32928669dbfa136d6,True,2023-12-11 15:49:16.482387,1,100.0
0x499fc68526783b032c7aaba693024d8a43b0ffc2,True,2023-12-11 15:49:16.492647,1,100.0
0x80b685701c888221b44100c3fcb7652eeb6c5a5e,True,2023-12-11 15:49:16.496798,1,100.0
0x4f6942974319f6adf3a68d48de102ca19675660e,True,2023-12-11 15:49:16.513759,1,100.0
0x31c67e57dbfd29e29b8fbe051b6dfdb26f3416e2,True,2023-12-11 15:49:16.533756,1,100.0
0xd6985480ec97d785c2c3b8ab6d7e8782d0b7f822,True,2023-12-11 15:49:16.534868,1,100.0
0xa2bf9c018638e6de9c89a38287ae59185235127f,True,2023-12-11 15:49:16.541306,1,100.0
0xccc2e01b440e4654784f09ae8385297d0c08036e,True,2023-12-11 15:49:16.542404,1,100.0
0xad5974ee7500566c78a25185d09a8be47e9d6152,True,2023-12-11 15:49:16.550027,1,100.0
0x2c3a9ecf6bb730133b063398b3b6cf441dbf9b73,True,2023-12-11 15:49:16.570440,1,100.0
0x5c821508bcfde2d084c2df6ac45e25f601f9504c,True,2023-12-11 15:49:16.579067,1,100.0
0xd2c7fc16c5865d90efb99069a9be68967cc005b3,True,2023-12-11 15:49:16.643916,1,100.0
0x7a4afaa76f107ca7b2be2fa5a98fabc534d120ef,True,2023-12-11 15:49:16.666602,1,100.0
0x0b8fe776068b9b9ffdde6d7fb4037e855e6725be,True,2023-12-11 15:49:16.773040,1,100.0
0x6e58aedc4f7fa262241909af4b7dad74458e3b88,True,2023-12-11 15:49:16.781923,1,100.0
0x5bab1ccc08041a03574767f6caac5babc4abc29d,True,2023-12-11 15:49:16.789984,1,100.0
0xc047483f32c6bc1a638fd9dbb0bfa8a57f8fcf80,True,2023-12-11 15:49:16.805595,1,100.0
0x13793bd8f6ba55a78fd97cef9bea397c3f062c69,True,2023-12-11 15:49:16.827331,1,100.0
0x70a418ba72f0a87a9eff727eb42826ddaed0e967,True,2023-12-11 15:49:16.828635,1,100.0
0x5902900abad8956235009dadbfeb8871d1f0977a,True,2023-12-11 15:49:16.829832,1,100.0
0xf1e0baaae6688070ce28b2fdde5a8b3d5684f6e7,True,2023-12-11 15:49:16.842721,1,100.0
0x45fcab2da6351f73d5eb44b2c7e345b9fa07f517,True,2023-12-11 15:49:16.858498,1,100.0
0xd9b5740a164e0ee6a8a08544af4a4211772a60f8,True,2023-12-11 15:49:16.913351,1,100.0
0xcdb8719498822660fc3c2e0dcebfffcdf2076400,True,2023-12-11 15:49:16.925930,1,100.0
0x4d70d84b4bb57d6205bd7445d7c3a130da6ac747,True,2023-12-11 15:49:17.016595,1,100.0
